kenteken,voertuigsoort,merk,handelsbenaming,vervaldatum_apk,datum_tenaamstelling,bruto_bpm,inrichting,aantal_zitplaatsen,eerste_kleur,tweede_kleur,aantal_cilinders,cilinderinhoud,massa_ledig_voertuig,toegestane_maximum_massa_voertuig,massa_rijklaar,maximum_massa_trekken_ongeremd,maximum_trekken_massa_geremd,datum_eerste_toelating,datum_eerste_tenaamstelling_in_nederland,wacht_op_keuren,catalogusprijs,wam_verzekerd,maximale_constructiesnelheid,laadvermogen,oplegger_geremd,aanhangwagen_autonoom_geremd,aanhangwagen_middenas_geremd,aantal_staanplaatsen,aantal_deuren,aantal_wielen,afstand_hart_koppeling_tot_achterzijde_voertuig,afstand_voorzijde_voertuig_tot_hart_koppeling,afwijkende_maximum_snelheid,lengte,breedte,europese_voertuigcategorie,europese_voertuigcategorie_toevoeging,europese_uitvoeringcategorie_toevoeging,plaats_chassisnummer,technische_max_massa_voertuig,type,type_gasinstallatie,typegoedkeuringsnummer,variant,uitvoering,volgnummer_wijziging_eu_typegoedkeuring,vermogen_massarijklaar,wielbasis,export_indicator,openstaande_terugroepactie_indicator,vervaldatum_tachograaf,taxi_indicator,maximum_massa_samenstelling,aantal_rolstoelplaatsen,maximum_ondersteunende_snelheid,jaar_laatste_registratie_tellerstand,tellerstandoordeel,code_toelichting_tellerstandoordeel,tenaamstellen_mogelijk,vervaldatum_apk_dt,datum_tenaamstelling_dt,datum_eerste_toelating_dt,datum_eerste_tenaamstelling_in_nederland_dt,vervaldatum_tachograaf_dt,maximum_last_onder_de_vooras_sen_tezamen_koppeling,type_remsysteem_voertuig_code,rupsonderstelconfiguratiecode,wielbasis_voertuig_minimum,wielbasis_voertuig_maximum,lengte_voertuig_minimum,lengte_voertuig_maximum,breedte_voertuig_minimum,breedte_voertuig_maximum,hoogte_voertuig,hoogte_voertuig_minimum,hoogte_voertuig_maximum,massa_bedrijfsklaar_minimaal,massa_bedrijfsklaar_maximaal,technisch_toelaatbaar_massa_koppelpunt,maximum_massa_technisch_maximaal,maximum_massa_technisch_minimaal,subcategorie_nederland,verticale_belasting_koppelpunt_getrokken_voertuig,zuinigheidsclassificatie,registratie_datum_goedkeuring_afschrijvingsmoment_bpm,registratie_datum_goedkeuring_afschrijvingsmoment_bpm_dt,gem_lading_wrde,aerodyn_voorz,massa_alt_aandr,verl_cab_ind,aantal_passagiers_zitplaatsen_wettelijk,aanwijzingsnummer,api_gekentekende_voertuigen_assen,api_gekentekende_voertuigen_brandstof,api_gekentekende_voertuigen_carrosserie,api_gekentekende_voertuigen_carrosserie_specifiek,api_gekentekende_voertuigen_voertuigklasse,fuel1_brandstof_volgnummer,fuel1_brandstof_omschrijving,fuel1_brandstofverbruik_gecombineerd,fuel1_co2_uitstoot_gecombineerd,fuel1_co2_uitstoot_gewogen,fuel1_geluidsniveau_rijdend,fuel1_geluidsniveau_stationair,fuel1_emissiecode_omschrijving,fuel1_milieuklasse_eg_goedkeuring_licht,fuel1_milieuklasse_eg_goedkeuring_zwaar,fuel1_uitstoot_deeltjes_licht,fuel1_uitstoot_deeltjes_zwaar,fuel1_nettomaximumvermogen,fuel1_nominaal_continu_maximumvermogen,fuel1_toerental_geluidsniveau,fuel1_emis_deeltjes_type1_wltp,fuel1_emissie_co2_gecombineerd_wltp,fuel1_emis_co2_gewogen_gecombineerd_wltp,fuel1_brandstof_verbruik_gecombineerd_wltp,fuel1_brandstof_verbruik_gewogen_gecombineerd_wltp,fuel1_elektrisch_verbruik_enkel_elektrisch_wltp,fuel1_actie_radius_enkel_elektrisch_wltp,fuel1_elektrisch_verbruik_extern_opladen_wltp,fuel1_actie_radius_extern_opladen_wltp,fuel1_max_vermogen_15_minuten,fuel1_netto_max_vermogen_elektrisch,fuel1_klasse_hybride_elektrisch_voertuig,fuel1_opgegeven_maximum_snelheid,fuel1_uitlaatemissieniveau,fuel1_co2_emissieklasse,fuel1_brandstofverbruik_gewogen_gecombineerd,fuel1_elektriciteitsverbruik_gewogen_gecombineerd,fuel1_actieradius_extern_oplaadbaar,fuel1_actieradius,fuel1_elektriciteitsverbruik_volledig_elektrisch,fuel2_brandstof_volgnummer,fuel2_brandstof_omschrijving,fuel2_brandstofverbruik_gecombineerd,fuel2_co2_uitstoot_gecombineerd,fuel2_co2_uitstoot_gewogen,fuel2_geluidsniveau_rijdend,fuel2_geluidsniveau_stationair,fuel2_emissiecode_omschrijving,fuel2_milieuklasse_eg_goedkeuring_licht,fuel2_milieuklasse_eg_goedkeuring_zwaar,fuel2_uitstoot_deeltjes_licht,fuel2_uitstoot_deeltjes_zwaar,fuel2_nettomaximumvermogen,fuel2_nominaal_continu_maximumvermogen,fuel2_toerental_geluidsniveau,fuel2_emis_deeltjes_type1_wltp,fuel2_emissie_co2_gecombineerd_wltp,fuel2_emis_co2_gewogen_gecombineerd_wltp,fuel2_brandstof_verbruik_gecombineerd_wltp,fuel2_brandstof_verbruik_gewogen_gecombineerd_wltp,fuel2_elektrisch_verbruik_enkel_elektrisch_wltp,fuel2_actie_radius_enkel_elektrisch_wltp,fuel2_elektrisch_verbruik_extern_opladen_wltp,fuel2_actie_radius_extern_opladen_wltp,fuel2_max_vermogen_15_minuten,fuel2_netto_max_vermogen_elektrisch,fuel2_klasse_hybride_elektrisch_voertuig,fuel2_opgegeven_maximum_snelheid,fuel2_uitlaatemissieniveau,fuel2_co2_emissieklasse,fuel2_brandstofverbruik_gewogen_gecombineerd,fuel2_elektriciteitsverbruik_gewogen_gecombineerd,fuel2_actieradius_extern_oplaadbaar,fuel2_actieradius,fuel2_elektriciteitsverbruik_volledig_elektrisch,fuel3_brandstof_volgnummer,fuel3_brandstof_omschrijving,fuel3_brandstofverbruik_gecombineerd,fuel3_co2_uitstoot_gecombineerd,fuel3_co2_uitstoot_gewogen,fuel3_geluidsniveau_rijdend,fuel3_geluidsniveau_stationair,fuel3_emissiecode_omschrijving,fuel3_milieuklasse_eg_goedkeuring_licht,fuel3_milieuklasse_eg_goedkeuring_zwaar,fuel3_uitstoot_deeltjes_licht,fuel3_uitstoot_deeltjes_zwaar,fuel3_nettomaximumvermogen,fuel3_nominaal_continu_maximumvermogen,fuel3_toerental_geluidsniveau,fuel3_emis_deeltjes_type1_wltp,fuel3_emissie_co2_gecombineerd_wltp,fuel3_emis_co2_gewogen_gecombineerd_wltp,fuel3_brandstof_verbruik_gecombineerd_wltp,fuel3_brandstof_verbruik_gewogen_gecombineerd_wltp,fuel3_elektrisch_verbruik_enkel_elektrisch_wltp,fuel3_actie_radius_enkel_elektrisch_wltp,fuel3_elektrisch_verbruik_extern_opladen_wltp,fuel3_actie_radius_extern_opladen_wltp,fuel3_max_vermogen_15_minuten,fuel3_netto_max_vermogen_elektrisch,fuel3_klasse_hybride_elektrisch_voertuig,fuel3_opgegeven_maximum_snelheid,fuel3_uitlaatemissieniveau,fuel3_co2_emissieklasse,fuel3_brandstofverbruik_gewogen_gecombineerd,fuel3_elektriciteitsverbruik_gewogen_gecombineerd,fuel3_actieradius_extern_oplaadbaar,fuel3_actieradius,fuel3_elektriciteitsverbruik_volledig_elektrisch,export_status
0001VH,Personenauto,TOYOTA,CELICA ST,,20241119,,Niet geregistreerd,,WIT,Niet geregistreerd,4,,949,,1049,,,19720810,19720810,Geen verstrekking in Open Data,,Nee,,,,,,,2,4,0,0,,0,0,M1,,,l. tegen schutbord onder motorkap,0,,,,,,,0.00,243,Nee,Nee,,Nee,0,,,1997,Logisch,00,Ja,,2024-11-19T00:00:00.000,1972-08-10T00:00:00.000,1972-08-10T00:00:00.000,,0,,,,,,,,,,,,,,,,,,,,,,,,,,,,https://opendata.rdw.nl/resource/3huj-srit.json,https://opendata.rdw.nl/resource/8ys7-d773.json,https://opendata.rdw.nl/resource/vezc-m2t6.json,https://opendata.rdw.nl/resource/jhie-znh9.json,https://opendata.rdw.nl/resource/kmfi-hrps.json,1,Benzine,,,,,,0,,,,,,,,,,,,,,,,,,,,,,,,,0,0,,,,,,,,,,,,,,,,,,,,,,,,,,,,,,,,,,,,,,,,,,,,,,,,,,,,,,,,,,,,,,,,,,,,,,,,ok
00AD11,Personenauto,TOYOTA,1000,,20201010,,Niet geregistreerd,,ORANJE,Niet geregistreerd,4,,700,,800,,,19730907,19730907,Geen verstrekking in Open Data,,Ja,,,,,,,2,4,,,,,,M1,,,r. tegen schutbord by motorkap,,,,,,,,0.00,216,Nee,Nee,,Nee,,,,2022,Logisch,00,Ja,,2020-10-10T00:00:00.000,1973-09-07T00:00:00.000,1973-09-07T00:00:00.000,,,,,,,,,,,,,,,,,,,,,,,,,,,,,,https://opendata.rdw.nl/resource/3huj-srit.json,https://opendata.rdw.nl/resource/8ys7-d773.json,https://opendata.rdw.nl/resource/vezc-m2t6.json,https://opendata.rdw.nl/resource/jhie-znh9.json,https://opendata.rdw.nl/resource/kmfi-hrps.json,1,Benzine,,,,,,0,,,,,,,,,,,,,,,,,,,,,EURO 0,,,,,,,,,,,,,,,,,,,,,,,,,,,,,,,,,,,,,,,,,,,,,,,,,,,,,,,,,,,,,,,,,,,,,,,,,,,,,ok
00AD47,Personenauto,TOYOTA,CELICA ST,,20100624,,coupe,4,GEEL,Niet geregistreerd,4,1600,1033,,1133,,,19730906,19730906,Geen verstrekking in Open Data,,Ja,,,,,,,2,4,0,0,,0,0,M1,,,midden tegen schutbord onder motorkap,0,,,,,,,0.06,243,Nee,Nee,,Nee,0,,,2022,Logisch,00,Ja,,2010-06-24T00:00:00.000,1973-09-06T00:00:00.000,1973-09-06T00:00:00.000,,0,,,,,,,,,,,,,,,,,,,,,,,,,,,,https://opendata.rdw.nl/resource/3huj-srit.json,https://opendata.rdw.nl/resource/8ys7-d773.json,https://opendata.rdw.nl/resource/vezc-m2t6.json,https://opendata.rdw.nl/resource/jhie-znh9.json,https://opendata.rdw.nl/resource/kmfi-hrps.json,1,LPG,,,,,,0,,,,,65.00,,,,,,,,,,,,,,,,,,,,,,,2,Benzine,,,,,,0,,,,,65.00,,,,,,,,,,,,,,,,,,,,,,,,,,,,,,,,,,,,,,,,,,,,,,,,,,,,,,,,,,ok
00GBF7,Personenauto,TOYOTA,TOYOTA YARIS,20261129,20101115,3886,MPV,5,GRIJS,Niet geregistreerd,4,1298,1000,1480,1100,550,750,20080530,20080530,Geen verstrekking in Open Data,18876,Ja,,,,,,,4,4,,,,,,M1,,,r. op bodemplaat by voorzitting,1480,XP9F(A),,e11*2001/116*0249*01,SCP90(H),SCP90L-CHGGKW(1B),1,0.06,246,Nee,Nee,,Nee,2230,,,2025,Logisch,00,Ja,2026-11-29T00:00:00.000,2010-11-15T00:00:00.000,2008-05-30T00:00:00.000,2008-05-30T00:00:00.000,,,,,,,,,,,,,,,,,,,,,C,,,,,,,,,https://opendata.rdw.nl/resource/3huj-srit.json,https://opendata.rdw.nl/resource/8ys7-d773.json,https://opendata.rdw.nl/resource/vezc-m2t6.json,https://opendata.rdw.nl/resource/jhie-znh9.json,https://opendata.rdw.nl/resource/kmfi-hrps.json,1,Benzine,5.80,136,,70,82,4,70/220*2003/76B,,,,64.00,,4500,,,,,,,,,,,,,,EURO 4,,,,,,,,,,,,,,,,,,,,,,,,,,,,,,,,,,,,,,,,,,,,,,,,,,,,,,,,,,,,,,,,,,,,,,,,,,,,,ok
00GBF8,Personenauto,TOYOTA,TOYOTA AVENSIS,20261004,,6216,sedan,5,GROEN,Niet geregistreerd,4,1794,1255,1820,1355,500,1300,20080523,20080523,Geen verstrekking in Open Data,27759,Nee,,,,,,,4,4,,,,,,M1,,,midden tegen schutbord onder motorkap,1820,,,e11*2001/116*0196*08,ZZT251(E),ZZT251L-AEMEKW(1J),0,0.07,270,Ja,Nee,,Nee,3120,,,2026,Logisch,00,Nee,2026-10-04T00:00:00.000,,2008-05-23T00:00:00.000,2008-05-23T00:00:00.000,,,,,,,,,,,,,,,,,,,,,C,,,,,,,,,https://opendata.rdw.nl/resource/3huj-srit.json,https://opendata.rdw.nl/resource/8ys7-d773.json,https://opendata.rdw.nl/resource/vezc-m2t6.json,https://opendata.rdw.nl/resource/jhie-znh9.json,https://opendata.rdw.nl/resource/kmfi-hrps.json,1,Benzine,7.20,171,,,84,4,70/220*2002/80B,,,,95.00,,4500,,,,,,,,,,,,,,EURO 4,,,,,,,,,,,,,,,,,,,,,,,,,,,,,,,,,,,,,,,,,,,,,,,,,,,,,,,,,,,,,,,,,,,,,,,,,,,,,ok
00GBP5,Personenauto,TOYOTA,TOYOTA COROLLA VERSO,20270628,20180515,5613,MPV,7,ZWART,Niet geregistreerd,4,1794,1350,2035,1450,450,1300,20070628,20081119,Geen verstrekking in Open Data,,Ja,,,,,,,4,4,,,,,,M1,,,midden tegen schutbord onder motorkap,2035,,,e11*2001/116*0222*04,ZNR20(R),ZNR11L-GRMEKW(1E),0,0.07,275,Nee,Nee,,Nee,3335,,,2026,Geen oordeel,05,Ja,2027-06-28T00:00:00.000,2018-05-15T00:00:00.000,2007-06-28T00:00:00.000,2008-11-19T00:00:00.000,,,,,,,,,,,,,,,,,,,,,D,,,,,,,,,https://opendata.rdw.nl/resource/3huj-srit.json,https://opendata.rdw.nl/resource/8ys7-d773.json,https://opendata.rdw.nl/resource/vezc-m2t6.json,https://opendata.rdw.nl/resource/jhie-znh9.json,https://opendata.rdw.nl/resource/kmfi-hrps.json,1,Benzine,7.70,184,,,83,4,70/220*2002/80B,,,,95.00,,4500,,,,,,,,,,,,,,EURO 4,,,,,,,,,,,,,,,,,,,,,,,,,,,,,,,,,,,,,,,,,,,,,,,,,,,,,,,,,,,,,,,,,,,,,,,,,,,,,ok
00GBS5,Personenauto,TOYOTA,TOYOTA AYGO,20261117,20250418,1124,hatchback,4,GRIJS,Niet geregistreerd,3,998,805,1190,905,,,20080602,20080602,Geen verstrekking in Open Data,12281,Ja,,,,,,,4,4,,,,341,,M1,,,r. op bodemplaat by voorzitting,1190,AB1,,e11*2001/116*0236*05,KGB10(H),KGB10L-AHMGKW(1F),0,0.06,234,Nee,Nee,,Nee,,,,2025,Logisch,00,Ja,2026-11-17T00:00:00.000,2025-04-18T00:00:00.000,2008-06-02T00:00:00.000,2008-06-02T00:00:00.000,,,,,,,,,,,,,,,,,,,,,A,,,,,,,,,https://opendata.rdw.nl/resource/3huj-srit.json,https://opendata.rdw.nl/resource/8ys7-d773.json,https://opendata.rdw.nl/resource/vezc-m2t6.json,https://opendata.rdw.nl/resource/jhie-znh9.json,https://opendata.rdw.nl/resource/kmfi-hrps.json,1,Benzine,4.60,108,,70,83,4,70/220*2003/76B,,,,50.00,,4500,,,,,,,,,,,,,,EURO 4,,,,,,,,,,,,,,,,,,,,,,,,,,,,,,,,,,,,,,,,,,,,,,,,,,,,,,,,,,,,,,,,,,,,,,,,,,,,,ok
00GBS6,Personenauto,TOYOTA,TOYOTA AYGO,20261218,20201224,295,hatchback,4,GRIJS,Niet geregistreerd,3,998,775,1180,875,,,20080529,20080529,Geen verstrekking in Open Data,9120,Ja,,,,,,,2,4,,,,341,,M1,,,r. op bodemplaat by voorzitting,1180,AB1,,e11*2001/116*0236*05,KGB10(G),KGB10L-AGMRKW(1F),0,0.06,234,Nee,Nee,,Nee,,,,2025,Logisch,00,Ja,2026-12-18T00:00:00.000,2020-12-24T00:00:00.000,2008-05-29T00:00:00.000,2008-05-29T00:00:00.000,,,,,,,,,,,,,,,,,,,,,A,,,,,,,,,https://opendata.rdw.nl/resource/3huj-srit.json,https://opendata.rdw.nl/resource/8ys7-d773.json,https://opendata.rdw.nl/resource/vezc-m2t6.json,https://opendata.rdw.nl/resource/jhie-znh9.json,https://opendata.rdw.nl/resource/kmfi-hrps.json,1,Benzine,4.60,108,,70,83,4,70/220*2003/76B,,,,50.00,,4500,,,,,,,,,,,,,,EURO 4,,,,,,,,,,,,,,,,,,,,,,,,,,,,,,,,,,,,,,,,,,,,,,,,,,,,,,,,,,,,,,,,,,,,,,,,,,,,,ok
00GBX4,Personenauto,TOYOTA,TOYOTA PRIUS,20260221,,2518,hatchback,5,BLAUW,Niet geregistreerd,4,1497,1275,1725,1375,,,20080624,20080624,Geen verstrekking in Open Data,31665,Nee,,,,,,,4,4,,,,445,,M1,,,r. tegen schutbord onder motorkap,1725,,,e11*2001/116*0200*04,NHW20(E),NHW20L-AHEEBW(1E),0,0.00,270,Ja,Nee,,Nee,,,,2025,Geen oordeel,07,Nee,2026-02-21T00:00:00.000,,2008-06-24T00:00:00.000,2008-06-24T00:00:00.000,,,,,,,,,,,,,,,,,,,,,A,,,,,,,,,https://opendata.rdw.nl/resource/3huj-srit.json,https://opendata.rdw.nl/resource/8ys7-d773.json,https://opendata.rdw.nl/resource/vezc-m2t6.json,https://opendata.rdw.nl/resource/jhie-znh9.json,https://opendata.rdw.nl/resource/kmfi-hrps.json,1,Benzine,4.30,104,,69,66,4,70/220*2003/76B,,,,57.00,,2500,,,,,,,,,,,,NOVC-HEV,,EURO 4,,,,,,,2,Elektriciteit,,,,,,Z,70/220*2003/76B,,,,,,,,,,,,,,,,,,NOVC-HEV,,EURO 4,,,,,,,,,,,,,,,,,,,,,,,,,,,,,,,,,,,,,,,,,,ok
00GDF3,Personenauto,TOYOTA,TOYOTA AYGO,20260728,20240703,295,hatchback,4,GRIJS,Niet geregistreerd,3,998,775,1180,875,,,20080603,20080603,Geen verstrekking in Open Data,9120,Ja,,,,,,,2,4,,,,341,,M1,,,r. op bodemplaat by voorzitting,1180,AB1,,e11*2001/116*0236*05,KGB10(G),KGB10L-AGMRKW(1F),0,0.06,234,Nee,Nee,,Nee,,,,2025,Logisch,00,Nee,2026-07-28T00:00:00.000,2024-07-03T00:00:00.000,2008-06-03T00:00:00.000,2008-06-03T00:00:00.000,,,,,,,,,,,,,,,,,,,,,A,,,,,,,,,https://opendata.rdw.nl/resource/3huj-srit.json,https://opendata.rdw.nl/resource/8ys7-d773.json,https://opendata.rdw.nl/resource/vezc-m2t6.json,https://opendata.rdw.nl/resource/jhie-znh9.json,https://opendata.rdw.nl/resource/kmfi-hrps.json,1,Benzine,4.60,108,,70,83,4,70/220*2003/76B,,,,50.00,,4500,,,,,,,,,,,,,,EURO 4,,,,,,,,,,,,,,,,,,,,,,,,,,,,,,,,,,,,,,,,,,,,,,,,,,,,,,,,,,,,,,,,,,,,,,,,,,,,,ok
00GDF4,Personenauto,TOYOTA,TOYOTA PRIUS,20270124,20080625,1123,hatchback,5,GRIJS,Niet geregistreerd,4,1497,1275,1725,1375,,,20080625,20080625,Geen verstrekking in Open Data,26345,Ja,,,,,,,4,4,,,,445,,M1,,,r. tegen schutbord onder motorkap,1725,,,e11*2001/116*0200*04,NHW20(E),NHW20L-AHEEBW(1E),0,0.00,270,Nee,Nee,,Nee,,,,2026,Onlogisch,04,Ja,2027-01-24T00:00:00.000,2008-06-25T00:00:00.000,2008-06-25T00:00:00.000,2008-06-25T00:00:00.000,,,,,,,,,,,,,,,,,,,,,A,,,,,,,,,https://opendata.rdw.nl/resource/3huj-srit.json,https://opendata.rdw.nl/resource/8ys7-d773.json,https://opendata.rdw.nl/resource/vezc-m2t6.json,https://opendata.rdw.nl/resource/jhie-znh9.json,https://opendata.rdw.nl/resource/kmfi-hrps.json,1,Benzine,4.30,104,,69,66,4,70/220*2003/76B,,,,57.00,,2500,,,,,,,,,,,,NOVC-HEV,,EURO 4,,,,,,,2,Elektriciteit,,,,,,Z,70/220*2003/76B,,,,,,,,,,,,,,,,,,NOVC-HEV,,EURO 4,,,,,,,,,,,,,,,,,,,,,,,,,,,,,,,,,,,,,,,,,,ok
00GDL2,Personenauto,TOYOTA,TOYOTA YARIS,20210703,20201229,2242,MPV,5,GROEN,Niet geregistreerd,3,998,955,1440,1055,527,750,20080603,20080603,Geen verstrekking in Open Data,14576,Ja,,,,,,,4,4,,,,,,M1,,,r. op bodemplaat by voorzitting,1440,XP9F(A),,e11*2001/116*0249*01,KSP90(H),KSP90L-CHMRKW(1B),1,0.05,246,Nee,Ja,,Nee,2190,,,2020,Logisch,00,Ja,2021-07-03T00:00:00.000,2020-12-29T00:00:00.000,2008-06-03T00:00:00.000,2008-06-03T00:00:00.000,,,,,,,,,,,,,,,,,,,,,B,,,,,,,,,https://opendata.rdw.nl/resource/3huj-srit.json,https://opendata.rdw.nl/resource/8ys7-d773.json,https://opendata.rdw.nl/resource/vezc-m2t6.json,https://opendata.rdw.nl/resource/jhie-znh9.json,https://opendata.rdw.nl/resource/kmfi-hrps.json,1,Benzine,5.40,127,,70,80,4,70/220*2003/76B,,,,51.00,,4500,,,,,,,,,,,,,,EURO 4,,,,,,,,,,,,,,,,,,,,,,,,,,,,,,,,,,,,,,,,,,,,,,,,,,,,,,,,,,,,,,,,,,,,,,,,,,,,,ok
00GDS1,Personenauto,TOYOTA,TOYOTA AYGO,20260819,20240725,1124,hatchback,4,ZWART,Niet geregistreerd,3,998,805,1190,905,,,20080609,20080609,Geen verstrekking in Open Data,12281,Ja,,,,,,,4,4,,,,341,,M1,,,r. op bodemplaat by voorzitting,1190,AB1,,e11*2001/116*0236*05,KGB10(H),KGB10L-AHMGKW(1F),0,0.06,234,Nee,Nee,,Nee,,,,2025,Logisch,00,Ja,2026-08-19T00:00:00.000,2024-07-25T00:00:00.000,2008-06-09T00:00:00.000,2008-06-09T00:00:00.000,,,,,,,,,,,,,,,,,,,,,A,,,,,,,,,https://opendata.rdw.nl/resource/3huj-srit.json,https://opendata.rdw.nl/resource/8ys7-d773.json,https://opendata.rdw.nl/resource/vezc-m2t6.json,https://opendata.rdw.nl/resource/jhie-znh9.json,https://opendata.rdw.nl/resource/kmfi-hrps.json,1,Benzine,4.60,108,,70,83,4,70/220*2003/76B,,,,50.00,,4500,,,,,,,,,,,,,,EURO 4,,,,,,,,,,,,,,,,,,,,,,,,,,,,,,,,,,,,,,,,,,,,,,,,,,,,,,,,,,,,,,,,,,,,,,,,,,,,,ok
00GDS2,Personenauto,TOYOTA,TOYOTA AYGO,20240708,20240329,932,hatchback,4,BLAUW,Niet geregistreerd,3,998,805,1190,905,,,20080708,20080708,Geen verstrekking in Open Data,11550,Ja,,,,,,,4,4,,,,341,,M1,,,r. op bodemplaat by voorzitting,1190,AB1,,e11*2001/116*0236*05,KGB10(H),KGB10L-AHMGKW(1F),0,0.06,234,Nee,Ja,,Nee,,,,2024,Logisch,00,Ja,2024-07-08T00:00:00.000,2024-03-29T00:00:00.000,2008-07-08T00:00:00.000,2008-07-08T00:00:00.000,,,,,,,,,,,,,,,,,,,,,A,,,,,,,,,https://opendata.rdw.nl/resource/3huj-srit.json,https://opendata.rdw.nl/resource/8ys7-d773.json,https://opendata.rdw.nl/resource/vezc-m2t6.json,https://opendata.rdw.nl/resource/jhie-znh9.json,https://opendata.rdw.nl/resource/kmfi-hrps.json,1,Benzine,4.60,108,,70,83,4,70/220*2003/76B,,,,50.00,,4500,,,,,,,,,,,,,,EURO 4,,,,,,,,,,,,,,,,,,,,,,,,,,,,,,,,,,,,,,,,,,,,,,,,,,,,,,,,,,,,,,,,,,,,,,,,,,,,,ok
00GDX7,Personenauto,TOYOTA,TOYOTA AYGO,20270619,20231104,182,hatchback,4,ROOD,Niet geregistreerd,3,998,775,1180,875,,,20080605,20080605,Geen verstrekking in Open Data,8690,Ja,,,,,,,2,4,,,,341,,M1,,,r. op bodemplaat by voorzitting,1180,AB1,,e11*2001/116*0236*05,KGB10(G),KGB10L-AGMRKW(1F),0,0.06,234,Nee,Nee,,Nee,,,,2026,Logisch,00,Ja,2027-06-19T00:00:00.000,2023-11-04T00:00:00.000,2008-06-05T00:00:00.000,2008-06-05T00:00:00.000,,,,,,,,,,,,,,,,,,,,,A,,,,,,,,,https://opendata.rdw.nl/resource/3huj-srit.json,https://opendata.rdw.nl/resource/8ys7-d773.json,https://opendata.rdw.nl/resource/vezc-m2t6.json,https://opendata.rdw.nl/resource/jhie-znh9.json,https://opendata.rdw.nl/resource/kmfi-hrps.json,1,Benzine,4.60,108,,70,83,4,70/220*2003/76B,,,,50.00,,4500,,,,,,,,,,,,,,EURO 4,,,,,,,,,,,,,,,,,,,,,,,,,,,,,,,,,,,,,,,,,,,,,,,,,,,,,,,,,,,,,,,,,,,,,,,,,,,,,ok
00GDX8,Personenauto,TOYOTA,TOYOTA AYGO,20270606,20181117,932,hatchback,4,GRIJS,Niet geregistreerd,3,998,805,1190,905,,,20080606,20080606,Geen verstrekking in Open Data,11550,Ja,,,,,,,4,4,,,,341,,M1,,,r. op bodemplaat by voorzitting,1190,AB1,,e11*2001/116*0236*05,KGB10(H),KGB10L-AHMGKW(1F),0,0.06,234,Nee,Nee,,Nee,,,,2026,Logisch,00,Ja,2027-06-06T00:00:00.000,2018-11-17T00:00:00.000,2008-06-06T00:00:00.000,2008-06-06T00:00:00.000,,,,,,,,,,,,,,,,,,,,,A,,,,,,,,,https://opendata.rdw.nl/resource/3huj-srit.json,https://opendata.rdw.nl/resource/8ys7-d773.json,https://opendata.rdw.nl/resource/vezc-m2t6.json,https://opendata.rdw.nl/resource/jhie-znh9.json,https://opendata.rdw.nl/resource/kmfi-hrps.json,1,Benzine,4.60,108,,70,83,4,70/220*2003/76B,,,,50.00,,4500,,,,,,,,,,,,,,EURO 4,,,,,,,,,,,,,,,,,,,,,,,,,,,,,,,,,,,,,,,,,,,,,,,,,,,,,,,,,,,,,,,,,,,,,,,,,,,,,ok
00GFD2,Personenauto,TOYOTA,TOYOTA COROLLA,20270704,20240302,4648,sedan,5,BLAUW,Niet geregistreerd,4,1598,1230,1760,1330,450,1300,20080702,20080702,Geen verstrekking in Open Data,23750,Ja,,,,,,,4,4,,,,454,,M1,,,by r. voorzitting op bodemplaat,1760,,,e11*2001/116*0314*00,ZRE151(E),ZRE151L-DEMNKW(1A),0,0.07,260,Nee,Nee,,Nee,3060,,,2026,Logisch,00,Ja,2027-07-04T00:00:00.000,2024-03-02T00:00:00.000,2008-07-02T00:00:00.000,2008-07-02T00:00:00.000,,,,,,,,,,,,,,,,,,,,,B,,,,,,,,,https://opendata.rdw.nl/resource/3huj-srit.json,https://opendata.rdw.nl/resource/8ys7-d773.json,https://opendata.rdw.nl/resource/vezc-m2t6.json,https://opendata.rdw.nl/resource/jhie-znh9.json,https://opendata.rdw.nl/resource/kmfi-hrps.json,1,Benzine,6.90,162,,71,84,4,70/220*2003/76B,,,,91.00,,4500,,,,,,,,,,,,,,EURO 4,,,,,,,,,,,,,,,,,,,,,,,,,,,,,,,,,,,,,,,,,,,,,,,,,,,,,,,,,,,,,,,,,,,,,,,,,,,,,ok
00GFD3,Personenauto,TOYOTA,TOYOTA YARIS,20270721,20260829,3650,MPV,5,ZWART,Niet geregistreerd,4,1298,995,1480,1095,547,900,20080603,20080603,Geen verstrekking in Open Data,17976,Ja,,,,,,,4,4,,,,,,M1,,,r. op bodemplaat by voorzitting,1480,XP9F(A),,e11*2001/116*0249*01,SCP90(H),SCP90L-CHMGKW(1B),1,0.06,246,Nee,Nee,,Nee,2380,,,2026,Logisch,00,Ja,2027-07-21T00:00:00.000,2026-08-29T00:00:00.000,2008-06-03T00:00:00.000,2008-06-03T00:00:00.000,,,,,,,,,,,,,,,,,,,,,C,,,,,,,,,https://opendata.rdw.nl/resource/3huj-srit.json,https://opendata.rdw.nl/resource/8ys7-d773.json,https://opendata.rdw.nl/resource/vezc-m2t6.json,https://opendata.rdw.nl/resource/jhie-znh9.json,https://opendata.rdw.nl/resource/kmfi-hrps.json,1,Benzine,6.00,141,,68,82,4,70/220*2003/76B,,,,64.00,,4500,,,,,,,,,,,,,,EURO 4,,,,,,,,,,,,,,,,,,,,,,,,,,,,,,,,,,,,,,,,,,,,,,,,,,,,,,,,,,,,,,,,,,,,,,,,,,,,,ok
00GFH8,Personenauto,TOYOTA,TOYOTA AYGO,20270603,20250712,932,hatchback,4,ZWART,Niet geregistreerd,3,998,805,1190,905,,,20080619,20080619,Geen verstrekking in Open Data,11550,Ja,,,,,,,4,4,,,,341,,M1,,,r. op bodemplaat by voorzitting,1190,AB1,,e11*2001/116*0236*05,KGB10(H),KGB10L-AHMGKW(1F),0,0.06,234,Nee,Nee,,Nee,,,,2026,Logisch,00,Ja,2027-06-03T00:00:00.000,2025-07-12T00:00:00.000,2008-06-19T00:00:00.000,2008-06-19T00:00:00.000,,,,,,,,,,,,,,,,,,,,,A,,,,,,,,,https://opendata.rdw.nl/resource/3huj-srit.json,https://opendata.rdw.nl/resource/8ys7-d773.json,https://opendata.rdw.nl/resource/vezc-m2t6.json,https://opendata.rdw.nl/resource/jhie-znh9.json,https://opendata.rdw.nl/resource/kmfi-hrps.json,1,Benzine,4.60,108,,70,83,4,70/220*2003/76B,,,,50.00,,4500,,,,,,,,,,,,,,EURO 4,,,,,,,,,,,,,,,,,,,,,,,,,,,,,,,,,,,,,,,,,,,,,,,,,,,,,,,,,,,,,,,,,,,,,,,,,,,,,ok
00GFL1,Personenauto,TOYOTA,TOYOTA PRIUS,20261203,20210920,1123,hatchback,5,GRIJS,Niet geregistreerd,4,1497,1275,1725,1375,,,20080609,20080609,Geen verstrekking in Open Data,26345,Ja,,,,,,,4,4,,,,445,,M1,,,r. tegen schutbord onder motorkap,1725,,,e11*2001/116*0200*04,NHW20(E),NHW20L-AHEEBW(1E),0,0.00,270,Nee,Nee,,Nee,,,,2025,Logisch,00,Ja,2026-12-03T00:00:00.000,2021-09-20T00:00:00.000,2008-06-09T00:00:00.000,2008-06-09T00:00:00.000,,,,,,,,,,,,,,,,,,,,,A,,,,,,,,,https://opendata.rdw.nl/resource/3huj-srit.json,https://opendata.rdw.nl/resource/8ys7-d773.json,https://opendata.rdw.nl/resource/vezc-m2t6.json,https://opendata.rdw.nl/resource/jhie-znh9.json,https://opendata.rdw.nl/resource/kmfi-hrps.json,1,Benzine,4.30,104,,69,66,4,70/220*2003/76B,,,,57.00,,2500,,,,,,,,,,,,NOVC-HEV,,EURO 4,,,,,,,2,Elektriciteit,,,,,,Z,70/220*2003/76B,,,,,,,,,,,,,,,,,,NOVC-HEV,,EURO 4,,,,,,,,,,,,,,,,,,,,,,,,,,,,,,,,,,,,,,,,,,ok
00GFL2,Personenauto,TOYOTA,TOYOTA PRIUS,20270620,20260604,1123,hatchback,5,GRIJS,Niet geregistreerd,4,1497,1275,1725,1375,,,20080707,20080707,Geen verstrekking in Open Data,26345,Ja,,,,,,,4,4,,,,445,,M1,,,r. tegen schutbord onder motorkap,1725,,,e11*2001/116*0200*04,NHW20(E),NHW20L-AHEEBW(1E),0,0.00,270,Nee,Nee,,Nee,,,,2026,Logisch,00,Ja,2027-06-20T00:00:00.000,2026-06-04T00:00:00.000,2008-07-07T00:00:00.000,2008-07-07T00:00:00.000,,,,,,,,,,,,,,,,,,,,,A,,,,,,,,,https://opendata.rdw.nl/resource/3huj-srit.json,https://opendata.rdw.nl/resource/8ys7-d773.json,https://opendata.rdw.nl/resource/vezc-m2t6.json,https://opendata.rdw.nl/resource/jhie-znh9.json,https://opendata.rdw.nl/resource/kmfi-hrps.json,1,Benzine,4.30,104,,69,66,4,70/220*2003/76B,,,,57.00,,2500,,,,,,,,,,,,NOVC-HEV,,EURO 4,,,,,,,2,Elektriciteit,,,,,,Z,70/220*2003/76B,,,,,,,,,,,,,,,,,,NOVC-HEV,,EURO 4,,,,,,,,,,,,,,,,,,,,,,,,,,,,,,,,,,,,,,,,,,ok
00GFP2,Personenauto,TOYOTA,TOYOTA PRIUS,20270619,20260706,2341,hatchback,5,ZWART,Niet geregistreerd,4,1497,1275,1725,1375,,,20080609,20080609,Geen verstrekking in Open Data,30990,Ja,,,,,,,4,4,,,,445,,M1,,,r. tegen schutbord onder motorkap,1725,,,e11*2001/116*0200*04,NHW20(E),NHW20L-AHEEBW(1E),0,0.00,270,Nee,Nee,,Nee,,,,2026,Logisch,00,Ja,2027-06-19T00:00:00.000,2026-07-06T00:00:00.000,2008-06-09T00:00:00.000,2008-06-09T00:00:00.000,,,,,,,,,,,,,,,,,,,,,A,,,,,,,,,https://opendata.rdw.nl/resource/3huj-srit.json,https://opendata.rdw.nl/resource/8ys7-d773.json,https://opendata.rdw.nl/resource/vezc-m2t6.json,https://opendata.rdw.nl/resource/jhie-znh9.json,https://opendata.rdw.nl/resource/kmfi-hrps.json,1,Benzine,4.30,104,,69,66,4,70/220*2003/76B,,,,57.00,,2500,,,,,,,,,,,,NOVC-HEV,,EURO 4,,,,,,,2,Elektriciteit,,,,,,Z,70/220*2003/76B,,,,,,,,,,,,,,,,,,NOVC-HEV,,EURO 4,,,,,,,,,,,,,,,,,,,,,,,,,,,,,,,,,,,,,,,,,,ok
00GFS4,Personenauto,TOYOTA,TOYOTA AYGO,20270628,20150827,295,hatchback,4,BLAUW,Niet geregistreerd,3,998,775,1180,875,,,20080625,20080625,Geen verstrekking in Open Data,9120,Ja,,,,,,,2,4,,,,341,,M1,,,r. op bodemplaat by voorzitting,1180,AB1,,e11*2001/116*0236*05,KGB10(G),KGB10L-AGMRKW(1F),0,0.06,234,Nee,Nee,,Nee,,,,2026,Logisch,00,Ja,2027-06-28T00:00:00.000,2015-08-27T00:00:00.000,2008-06-25T00:00:00.000,2008-06-25T00:00:00.000,,,,,,,,,,,,,,,,,,,,,A,,,,,,,,,https://opendata.rdw.nl/resource/3huj-srit.json,https://opendata.rdw.nl/resource/8ys7-d773.json,https://opendata.rdw.nl/resource/vezc-m2t6.json,https://opendata.rdw.nl/resource/jhie-znh9.json,https://opendata.rdw.nl/resource/kmfi-hrps.json,1,Benzine,4.60,108,,70,83,4,70/220*2003/76B,,,,50.00,,4500,,,,,,,,,,,,,,EURO 4,,,,,,,,,,,,,,,,,,,,,,,,,,,,,,,,,,,,,,,,,,,,,,,,,,,,,,,,,,,,,,,,,,,,,,,,,,,,,ok
00GFV6,Personenauto,TOYOTA,TOYOTA AYGO,20270319,20260614,678,hatchback,4,GRIJS,Niet geregistreerd,3,998,805,1190,905,,,20080625,20080625,Geen verstrekking in Open Data,10580,Ja,,,,,,,4,4,,,,341,,M1,,,r. op bodemplaat by voorzitting,1190,AB1,,e11*2001/116*0236*05,KGB10(H),KGB10L-AHMGKW(1F),0,0.06,234,Nee,Nee,,Nee,,,,2026,Logisch,00,Ja,2027-03-19T00:00:00.000,2026-06-14T00:00:00.000,2008-06-25T00:00:00.000,2008-06-25T00:00:00.000,,,,,,,,,,,,,,,,,,,,,A,,,,,,,,,https://opendata.rdw.nl/resource/3huj-srit.json,https://opendata.rdw.nl/resource/8ys7-d773.json,https://opendata.rdw.nl/resource/vezc-m2t6.json,https://opendata.rdw.nl/resource/jhie-znh9.json,https://opendata.rdw.nl/resource/kmfi-hrps.json,1,Benzine,4.60,108,,70,83,4,70/220*2003/76B,,,,50.00,,4500,,,,,,,,,,,,,,EURO 4,,,,,,,,,,,,,,,,,,,,,,,,,,,,,,,,,,,,,,,,,,,,,,,,,,,,,,,,,,,,,,,,,,,,,,,,,,,,,ok
00GGB2,Personenauto,TOYOTA,TOYOTA AYGO,20270410,20230210,565,hatchback,4,ROOD,Niet geregistreerd,3,998,805,1190,905,,,20080614,20080614,Geen verstrekking in Open Data,10149,Ja,,,,,,,4,4,,,,341,,M1,,,r. op bodemplaat by voorzitting,1190,AB1,,e11*2001/116*0236*05,KGB10(H),KGB10L-AHMGKW(1F),0,0.06,234,Nee,Nee,,Nee,,,,2026,Logisch,00,Ja,2027-04-10T00:00:00.000,2023-02-10T00:00:00.000,2008-06-14T00:00:00.000,2008-06-14T00:00:00.000,,,,,,,,,,,,,,,,,,,,,A,,,,,,,,,https://opendata.rdw.nl/resource/3huj-srit.json,https://opendata.rdw.nl/resource/8ys7-d773.json,https://opendata.rdw.nl/resource/vezc-m2t6.json,https://opendata.rdw.nl/resource/jhie-znh9.json,https://opendata.rdw.nl/resource/kmfi-hrps.json,1,Benzine,4.60,108,,70,83,4,70/220*2003/76B,,,,50.00,,4500,,,,,,,,,,,,,,EURO 4,,,,,,,,,,,,,,,,,,,,,,,,,,,,,,,,,,,,,,,,,,,,,,,,,,,,,,,,,,,,,,,,,,,,,,,,,,,,,ok
00GGB3,Personenauto,TOYOTA,TOYOTA AURIS,20260925,20121008,4661,hatchback,5,BLAUW,Niet geregistreerd,4,1598,1235,1750,1335,450,1300,20070924,20080609,Geen verstrekking in Open Data,,Ja,,,,,,,2,4,,,,422,,M1,,,op bodemplaat by r. voorzitting,1750,,,e11*2001/116*0305*00,ZRE151(G),ZRE151L-DGMNKW(1A),0,0.07,260,Nee,Ja,,Nee,3050,,,2025,Geen oordeel,05,Ja,2026-09-25T00:00:00.000,2012-10-08T00:00:00.000,2007-09-24T00:00:00.000,2008-06-09T00:00:00.000,,,,,,,,,,,,,,,,,,,,,C,,,,,,,,,https://opendata.rdw.nl/resource/3huj-srit.json,https://opendata.rdw.nl/resource/8ys7-d773.json,https://opendata.rdw.nl/resource/vezc-m2t6.json,https://opendata.rdw.nl/resource/jhie-znh9.json,https://opendata.rdw.nl/resource/kmfi-hrps.json,1,Benzine,7.10,166,,70,79,4,70/220*2003/76B,,,,91.00,,4500,,,,,,,,,,,,,,EURO 4,,,,,,,,,,,,,,,,,,,,,,,,,,,,,,,,,,,,,,,,,,,,,,,,,,,,,,,,,,,,,,,,,,,,,,,,,,,,,ok
00GGF7,Personenauto,TOYOTA,TOYOTA YARIS,20261206,20241115,3584,MPV,5,GRIJS,Niet geregistreerd,4,1298,1000,1480,1100,550,750,20080625,20080625,Geen verstrekking in Open Data,17725,Ja,,,,,,,4,4,,,,,,M1,,,r. op bodemplaat by voorzitting,1480,XP9F(A),,e11*2001/116*0249*01,SCP90(H),SCP90L-CHGGKW(1B),1,0.06,246,Nee,Nee,,Nee,2230,,,2025,Logisch,00,Ja,2026-12-06T00:00:00.000,2024-11-15T00:00:00.000,2008-06-25T00:00:00.000,2008-06-25T00:00:00.000,,,,,,,,,,,,,,,,,,,,,C,,,,,,,,,https://opendata.rdw.nl/resource/3huj-srit.json,https://opendata.rdw.nl/resource/8ys7-d773.json,https://opendata.rdw.nl/resource/vezc-m2t6.json,https://opendata.rdw.nl/resource/jhie-znh9.json,https://opendata.rdw.nl/resource/kmfi-hrps.json,1,Benzine,5.80,136,,70,82,4,70/220*2003/76B,,,,64.00,,4500,,,,,,,,,,,,,,EURO 4,,,,,,,,,,,,,,,,,,,,,,,,,,,,,,,,,,,,,,,,,,,,,,,,,,,,,,,,,,,,,,,,,,,,,,,,,,,,,ok
00GGF8,Personenauto,TOYOTA,TOYOTA AURIS,20260928,20241218,5020,hatchback,5,ZWART,Niet geregistreerd,4,1598,1235,1750,1335,450,1300,20080613,20080613,Geen verstrekking in Open Data,23200,Ja,,,,,,,2,4,,,,422,,M1,,,op bodemplaat by r. voorzitting,1750,,,e11*2001/116*0305*00,ZRE151(G),ZRE151L-DGMNKW(1A),0,0.07,260,Nee,Nee,,Nee,3050,,,2025,Logisch,00,Ja,2026-09-28T00:00:00.000,2024-12-18T00:00:00.000,2008-06-13T00:00:00.000,2008-06-13T00:00:00.000,,,,,,,,,,,,,,,,,,,,,C,,,,,,,,,https://opendata.rdw.nl/resource/3huj-srit.json,https://opendata.rdw.nl/resource/8ys7-d773.json,https://opendata.rdw.nl/resource/vezc-m2t6.json,https://opendata.rdw.nl/resource/jhie-znh9.json,https://opendata.rdw.nl/resource/kmfi-hrps.json,1,Benzine,7.10,166,,70,79,4,70/220*2003/76B,,,,91.00,,4500,,,,,,,,,,,,,,EURO 4,,,,,,,,,,,,,,,,,,,,,,,,,,,,,,,,,,,,,,,,,,,,,,,,,,,,,,,,,,,,,,,,,,,,,,,,,,,,,ok
00GGH9,Personenauto,TOYOTA,TOYOTA AURIS,20270204,20220207,4692,hatchback,5,GROEN,Niet geregistreerd,4,1598,1235,1750,1335,450,1300,20080701,20080701,Geen verstrekking in Open Data,21950,Ja,,,,,,,2,4,,,,422,,M1,,,op bodemplaat by r. voorzitting,1750,,,e11*2001/116*0305*00,ZRE151(G),ZRE151L-DGMNKW(1A),0,0.07,260,Nee,Nee,,Nee,3050,,,2026,Logisch,00,Ja,2027-02-04T00:00:00.000,2022-02-07T00:00:00.000,2008-07-01T00:00:00.000,2008-07-01T00:00:00.000,,,,,,,,,,,,,,,,,,,,,C,,,,,,,,,https://opendata.rdw.nl/resource/3huj-srit.json,https://opendata.rdw.nl/resource/8ys7-d773.json,https://opendata.rdw.nl/resource/vezc-m2t6.json,https://opendata.rdw.nl/resource/jhie-znh9.json,https://opendata.rdw.nl/resource/kmfi-hrps.json,1,Benzine,7.10,166,,70,79,4,70/220*2003/76B,,,,91.00,,4500,,,,,,,,,,,,,,EURO 4,,,,,,,,,,,,,,,,,,,,,,,,,,,,,,,,,,,,,,,,,,,,,,,,,,,,,,,,,,,,,,,,,,,,,,,,,,,,,ok
00GGL2,Personenauto,TOYOTA,TOYOTA AYGO,20260905,20180929,932,hatchback,4,GRIJS,Niet geregistreerd,3,998,805,1190,905,,,20080619,20080619,Geen verstrekking in Open Data,11550,Ja,,,,,,,4,4,,,,341,,M1,,,r. op bodemplaat by voorzitting,1190,AB1,,e11*2001/116*0236*05,KGB10(H),KGB10L-AHMGKW(1F),0,0.06,234,Nee,Nee,,Nee,,,,2025,Logisch,00,Ja,2026-09-05T00:00:00.000,2018-09-29T00:00:00.000,2008-06-19T00:00:00.000,2008-06-19T00:00:00.000,,,,,,,,,,,,,,,,,,,,,A,,,,,,,,,https://opendata.rdw.nl/resource/3huj-srit.json,https://opendata.rdw.nl/resource/8ys7-d773.json,https://opendata.rdw.nl/resource/vezc-m2t6.json,https://opendata.rdw.nl/resource/jhie-znh9.json,https://opendata.rdw.nl/resource/kmfi-hrps.json,1,Benzine,4.60,108,,70,83,4,70/220*2003/76B,,,,50.00,,4500,,,,,,,,,,,,,,EURO 4,,,,,,,,,,,,,,,,,,,,,,,,,,,,,,,,,,,,,,,,,,,,,,,,,,,,,,,,,,,,,,,,,,,,,,,,,,,,,ok
00GGT4,Personenauto,TOYOTA,TOYOTA AYGO,20270828,20191105,932,hatchback,4,ZWART,Niet geregistreerd,3,998,805,1190,905,,,20080621,20080621,Geen verstrekking in Open Data,11550,Ja,,,,,,,4,4,,,,341,,M1,,,r. op bodemplaat by voorzitting,1190,AB1,,e11*2001/116*0236*05,KGB10(H),KGB10L-AHMGKW(1F),0,0.06,234,Nee,Nee,,Nee,,,,2026,Logisch,00,Ja,2027-08-28T00:00:00.000,2019-11-05T00:00:00.000,2008-06-21T00:00:00.000,2008-06-21T00:00:00.000,,,,,,,,,,,,,,,,,,,,,A,,,,,,,,,https://opendata.rdw.nl/resource/3huj-srit.json,https://opendata.rdw.nl/resource/8ys7-d773.json,https://opendata.rdw.nl/resource/vezc-m2t6.json,https://opendata.rdw.nl/resource/jhie-znh9.json,https://opendata.rdw.nl/resource/kmfi-hrps.json,1,Benzine,4.60,108,,70,83,4,70/220*2003/76B,,,,50.00,,4500,,,,,,,,,,,,,,EURO 4,,,,,,,,,,,,,,,,,,,,,,,,,,,,,,,,,,,,,,,,,,,,,,,,,,,,,,,,,,,,,,,,,,,,,,,,,,,,,ok
00GGZ3,Personenauto,TOYOTA,TOYOTA AYGO,20270711,20080711,565,hatchback,4,ROOD,Niet geregistreerd,3,998,805,1190,905,,,20080711,20080711,Geen verstrekking in Open Data,10149,Ja,,,,,,,4,4,,,,341,,M1,,,r. op bodemplaat by voorzitting,1190,AB1,,e11*2001/116*0236*05,KGB10(H),KGB10L-AHMGKW(1F),0,0.06,234,Nee,Nee,,Nee,,,,2026,Logisch,00,Ja,2027-07-11T00:00:00.000,2008-07-11T00:00:00.000,2008-07-11T00:00:00.000,2008-07-11T00:00:00.000,,,,,,,,,,,,,,,,,,,,,A,,,,,,,,,https://opendata.rdw.nl/resource/3huj-srit.json,https://opendata.rdw.nl/resource/8ys7-d773.json,https://opendata.rdw.nl/resource/vezc-m2t6.json,https://opendata.rdw.nl/resource/jhie-znh9.json,https://opendata.rdw.nl/resource/kmfi-hrps.json,1,Benzine,4.60,108,,70,83,4,70/220*2003/76B,,,,50.00,,4500,,,,,,,,,,,,,,EURO 4,,,,,,,,,,,,,,,,,,,,,,,,,,,,,,,,,,,,,,,,,,,,,,,,,,,,,,,,,,,,,,,,,,,,,,,,,,,,,ok
00GHF2,Personenauto,TOYOTA,TOYOTA AYGO,20270715,20080715,932,hatchback,4,ZWART,Niet geregistreerd,3,998,805,1190,905,,,20080715,20080715,Geen verstrekking in Open Data,11550,Ja,,,,,,,4,4,,,,341,,M1,,,r. op bodemplaat by voorzitting,1190,AB1,,e11*2001/116*0236*05,KGB10(H),KGB10L-AHMGKW(1F),0,0.06,234,Nee,Ja,,Nee,,,,2026,Logisch,00,Ja,2027-07-15T00:00:00.000,2008-07-15T00:00:00.000,2008-07-15T00:00:00.000,2008-07-15T00:00:00.000,,,,,,,,,,,,,,,,,,,,,A,,,,,,,,,https://opendata.rdw.nl/resource/3huj-srit.json,https://opendata.rdw.nl/resource/8ys7-d773.json,https://opendata.rdw.nl/resource/vezc-m2t6.json,https://opendata.rdw.nl/resource/jhie-znh9.json,https://opendata.rdw.nl/resource/kmfi-hrps.json,1,Benzine,4.60,108,,70,83,4,70/220*2003/76B,,,,50.00,,4500,,,,,,,,,,,,,,EURO 4,,,,,,,,,,,,,,,,,,,,,,,,,,,,,,,,,,,,,,,,,,,,,,,,,,,,,,,,,,,,,,,,,,,,,,,,,,,,,ok
00GHH8,Personenauto,TOYOTA,TOYOTA YARIS,20270628,20080628,3584,MPV,5,GRIJS,Niet geregistreerd,4,1298,1000,1480,1100,550,750,20080628,20080628,Geen verstrekking in Open Data,17725,Ja,,,,,,,4,4,,,,,,M1,,,r. op bodemplaat by voorzitting,1480,XP9F(A),,e11*2001/116*0249*01,SCP90(H),SCP90L-CHGGKW(1B),1,0.06,246,Nee,Nee,,Nee,2230,,,2026,Logisch,00,Ja,2027-06-28T00:00:00.000,2008-06-28T00:00:00.000,2008-06-28T00:00:00.000,2008-06-28T00:00:00.000,,,,,,,,,,,,,,,,,,,,,C,,,,,,,,,https://opendata.rdw.nl/resource/3huj-srit.json,https://opendata.rdw.nl/resource/8ys7-d773.json,https://opendata.rdw.nl/resource/vezc-m2t6.json,https://opendata.rdw.nl/resource/jhie-znh9.json,https://opendata.rdw.nl/resource/kmfi-hrps.json,1,Benzine,5.80,136,,70,82,4,70/220*2003/76B,,,,64.00,,4500,,,,,,,,,,,,,,EURO 4,,,,,,,,,,,,,,,,,,,,,,,,,,,,,,,,,,,,,,,,,,,,,,,,,,,,,,,,,,,,,,,,,,,,,,,,,,,,,ok
00GHL8,Personenauto,TOYOTA,TOYOTA AYGO,20270728,20080728,295,hatchback,4,GRIJS,Niet geregistreerd,3,998,775,1180,875,,,20080728,20080728,Geen verstrekking in Open Data,9120,Ja,,,,,,,2,4,,,,341,,M1,,,r. op bodemplaat by voorzitting,1180,AB1,,e11*2001/116*0236*05,KGB10(G),KGB10L-AGMRKW(1F),0,0.06,234,Nee,Nee,,Nee,,,,2026,Logisch,00,Ja,2027-07-28T00:00:00.000,2008-07-28T00:00:00.000,2008-07-28T00:00:00.000,2008-07-28T00:00:00.000,,,,,,,,,,,,,,,,,,,,,A,,,,,,,,,https://opendata.rdw.nl/resource/3huj-srit.json,https://opendata.rdw.nl/resource/8ys7-d773.json,https://opendata.rdw.nl/resource/vezc-m2t6.json,https://opendata.rdw.nl/resource/jhie-znh9.json,https://opendata.rdw.nl/resource/kmfi-hrps.json,1,Benzine,4.60,108,,70,83,4,70/220*2003/76B,,,,50.00,,4500,,,,,,,,,,,,,,EURO 4,,,,,,,,,,,,,,,,,,,,,,,,,,,,,,,,,,,,,,,,,,,,,,,,,,,,,,,,,,,,,,,,,,,,,,,,,,,,,ok
00GHS9,Personenauto,TOYOTA,TOYOTA YARIS,20270108,20230112,3781,MPV,5,GRIJS,Niet geregistreerd,4,1298,995,1480,1095,547,900,20080627,20080627,Geen verstrekking in Open Data,18476,Ja,,,,,,,4,4,,,,,,M1,,,r. op bodemplaat by voorzitting,1480,XP9F(A),,e11*2001/116*0249*01,SCP90(H),SCP90L-CHMGKW(1B),1,0.06,246,Nee,Nee,,Nee,2380,,,2026,Logisch,00,Ja,2027-01-08T00:00:00.000,2023-01-12T00:00:00.000,2008-06-27T00:00:00.000,2008-06-27T00:00:00.000,,,,,,,,,,,,,,,,,,,,,C,,,,,,,,,https://opendata.rdw.nl/resource/3huj-srit.json,https://opendata.rdw.nl/resource/8ys7-d773.json,https://opendata.rdw.nl/resource/vezc-m2t6.json,https://opendata.rdw.nl/resource/jhie-znh9.json,https://opendata.rdw.nl/resource/kmfi-hrps.json,1,Benzine,6.00,141,,68,82,4,70/220*2003/76B,,,,64.00,,4500,,,,,,,,,,,,,,EURO 4,,,,,,,,,,,,,,,,,,,,,,,,,,,,,,,,,,,,,,,,,,,,,,,,,,,,,,,,,,,,,,,,,,,,,,,,,,,,,ok
00GHT1,Personenauto,TOYOTA,TOYOTA AYGO,20270716,20080716,436,hatchback,4,ROOD,Niet geregistreerd,3,998,775,1180,875,,,20080716,20080716,Geen verstrekking in Open Data,9659,Ja,,,,,,,2,4,,,,341,,M1,,,r. op bodemplaat by voorzitting,1180,AB1,,e11*2001/116*0236*05,KGB10(G),KGB10L-AGMRKW(1F),0,0.06,234,Nee,Nee,,Nee,,,,2026,Onlogisch,04,Ja,2027-07-16T00:00:00.000,2008-07-16T00:00:00.000,2008-07-16T00:00:00.000,2008-07-16T00:00:00.000,,,,,,,,,,,,,,,,,,,,,A,,,,,,,,,https://opendata.rdw.nl/resource/3huj-srit.json,https://opendata.rdw.nl/resource/8ys7-d773.json,https://opendata.rdw.nl/resource/vezc-m2t6.json,https://opendata.rdw.nl/resource/jhie-znh9.json,https://opendata.rdw.nl/resource/kmfi-hrps.json,1,Benzine,4.60,108,,70,83,4,70/220*2003/76B,,,,50.00,,4500,,,,,,,,,,,,,,EURO 4,,,,,,,,,,,,,,,,,,,,,,,,,,,,,,,,,,,,,,,,,,,,,,,,,,,,,,,,,,,,,,,,,,,,,,,,,,,,,ok
00GJB3,Personenauto,TOYOTA,TOYOTA AYGO,20270715,20080715,610,hatchback,4,GRIJS,Niet geregistreerd,3,998,795,1180,895,,,20080715,20080715,Geen verstrekking in Open Data,10321,Ja,,,,,,,2,4,,,,341,,M1,,,r. op bodemplaat by voorzitting,1180,AB1,,e11*2001/116*0236*05,KGB10(G),KGB10L-AGMGKW(1F),0,0.06,234,Nee,Nee,,Nee,,,,2026,Logisch,00,Ja,2027-07-15T00:00:00.000,2008-07-15T00:00:00.000,2008-07-15T00:00:00.000,2008-07-15T00:00:00.000,,,,,,,,,,,,,,,,,,,,,A,,,,,,,,,https://opendata.rdw.nl/resource/3huj-srit.json,https://opendata.rdw.nl/resource/8ys7-d773.json,https://opendata.rdw.nl/resource/vezc-m2t6.json,https://opendata.rdw.nl/resource/jhie-znh9.json,https://opendata.rdw.nl/resource/kmfi-hrps.json,1,Benzine,4.60,108,,70,83,4,70/220*2003/76B,,,,50.00,,4500,,,,,,,,,,,,,,EURO 4,,,,,,,,,,,,,,,,,,,,,,,,,,,,,,,,,,,,,,,,,,,,,,,,,,,,,,,,,,,,,,,,,,,,,,,,,,,,,ok
00GJB5,Personenauto,TOYOTA,TOYOTA AYGO,20270822,20190503,549,hatchback,4,ZWART,Niet geregistreerd,3,998,775,1180,875,,,20080707,20080707,Geen verstrekking in Open Data,10090,Ja,,,,,,,2,4,,,,341,,M1,,,r. op bodemplaat by voorzitting,1180,AB1,,e11*2001/116*0236*05,KGB10(G),KGB10L-AGMRKW(1F),0,0.06,234,Nee,Nee,,Nee,,,,2026,Logisch,00,Ja,2027-08-22T00:00:00.000,2019-05-03T00:00:00.000,2008-07-07T00:00:00.000,2008-07-07T00:00:00.000,,,,,,,,,,,,,,,,,,,,,A,,,,,,,,,https://opendata.rdw.nl/resource/3huj-srit.json,https://opendata.rdw.nl/resource/8ys7-d773.json,https://opendata.rdw.nl/resource/vezc-m2t6.json,https://opendata.rdw.nl/resource/jhie-znh9.json,https://opendata.rdw.nl/resource/kmfi-hrps.json,1,Benzine,4.60,108,,70,83,4,70/220*2003/76B,,,,50.00,,4500,,,,,,,,,,,,,,EURO 4,,,,,,,,,,,,,,,,,,,,,,,,,,,,,,,,,,,,,,,,,,,,,,,,,,,,,,,,,,,,,,,,,,,,,,,,,,,,,ok
00GJH6,Personenauto,TOYOTA,TOYOTA YARIS,20270528,20240814,2896,MPV,5,ROOD,Niet geregistreerd,4,1298,985,1480,1085,542,900,20080705,20080705,Geen verstrekking in Open Data,15099,Ja,,,,,,,4,4,,,,,,M1,,,r. op bodemplaat by voorzitting,1480,XP9F(A),,e11*2001/116*0249*02,SCP90(H),SCP90L-CHMRKW(1C),0,0.06,246,Nee,Nee,,Nee,2380,,,2026,Onlogisch,04,Ja,2027-05-28T00:00:00.000,2024-08-14T00:00:00.000,2008-07-05T00:00:00.000,2008-07-05T00:00:00.000,,,,,,,,,,,,,,,,,,,,,C,,,,,,,,,https://opendata.rdw.nl/resource/3huj-srit.json,https://opendata.rdw.nl/resource/8ys7-d773.json,https://opendata.rdw.nl/resource/vezc-m2t6.json,https://opendata.rdw.nl/resource/jhie-znh9.json,https://opendata.rdw.nl/resource/kmfi-hrps.json,1,Benzine,6.00,141,,,82,4,70/220*2003/76B,,,,64.00,,4500,,,,,,,,,,,,,,EURO 4,,,,,,,,,,,,,,,,,,,,,,,,,,,,,,,,,,,,,,,,,,,,,,,,,,,,,,,,,,,,,,,,,,,,,,,,,,,,,ok
00GJP8,Personenauto,TOYOTA,TOYOTA AYGO,20260711,20260622,1011,hatchback,4,ROOD,Niet geregistreerd,3,998,805,1190,905,,,20080711,20080711,Geen verstrekking in Open Data,11850,Ja,,,,,,,4,4,,,,341,,M1,,,r. op bodemplaat by voorzitting,1190,AB1,,e11*2001/116*0236*05,KGB10(H),KGB10L-AHMGKW(1F),0,0.06,234,Nee,Nee,,Nee,,,,2026,Logisch,00,Ja,2026-07-11T00:00:00.000,2026-06-22T00:00:00.000,2008-07-11T00:00:00.000,2008-07-11T00:00:00.000,,,,,,,,,,,,,,,,,,,,,A,,,,,,,,,https://opendata.rdw.nl/resource/3huj-srit.json,https://opendata.rdw.nl/resource/8ys7-d773.json,https://opendata.rdw.nl/resource/vezc-m2t6.json,https://opendata.rdw.nl/resource/jhie-znh9.json,https://opendata.rdw.nl/resource/kmfi-hrps.json,1,Benzine,4.60,108,,70,83,4,70/220*2003/76B,,,,50.00,,4500,,,,,,,,,,,,,,EURO 4,,,,,,,,,,,,,,,,,,,,,,,,,,,,,,,,,,,,,,,,,,,,,,,,,,,,,,,,,,,,,,,,,,,,,,,,,,,,,ok
00GJP9,Personenauto,TOYOTA,TOYOTA AURIS,20261222,20250801,4194,hatchback,5,ZWART,Niet geregistreerd,4,1398,1195,1720,1295,450,1000,20080711,20080711,Geen verstrekking in Open Data,20050,Ja,,,,,,,4,4,,,,422,,M1,,,op bodemplaat by r. voorzitting,1720,,,e11*2001/116*0305*00,ZZE150(H),ZZE150L-DHMDKW(1A),0,0.05,260,Nee,Nee,,Nee,2720,,,2025,Logisch,00,Ja,2026-12-22T00:00:00.000,2025-08-01T00:00:00.000,2008-07-11T00:00:00.000,2008-07-11T00:00:00.000,,,,,,,,,,,,,,,,,,,,,C,,,,,,,,,https://opendata.rdw.nl/resource/3huj-srit.json,https://opendata.rdw.nl/resource/8ys7-d773.json,https://opendata.rdw.nl/resource/vezc-m2t6.json,https://opendata.rdw.nl/resource/jhie-znh9.json,https://opendata.rdw.nl/resource/kmfi-hrps.json,1,Benzine,6.90,163,,69,81,4,70/220*2003/76B,,,,71.00,,4500,,,,,,,,,,,,,,EURO 4,,,,,,,,,,,,,,,,,,,,,,,,,,,,,,,,,,,,,,,,,,,,,,,,,,,,,,,,,,,,,,,,,,,,,,,,,,,,,ok
00GKB4,Personenauto,TOYOTA,TOYOTA AYGO,20270709,20150519,295,hatchback,4,BLAUW,Niet geregistreerd,3,998,775,1180,875,,,20080708,20080708,Geen verstrekking in Open Data,9120,Ja,,,,,,,2,4,,,,341,,M1,,,r. op bodemplaat by voorzitting,1180,AB1,,e11*2001/116*0236*05,KGB10(G),KGB10L-AGMRKW(1F),0,0.06,234,Nee,Nee,,Nee,,,,2026,Logisch,00,Ja,2027-07-09T00:00:00.000,2015-05-19T00:00:00.000,2008-07-08T00:00:00.000,2008-07-08T00:00:00.000,,,,,,,,,,,,,,,,,,,,,A,,,,,,,,,https://opendata.rdw.nl/resource/3huj-srit.json,https://opendata.rdw.nl/resource/8ys7-d773.json,https://opendata.rdw.nl/resource/vezc-m2t6.json,https://opendata.rdw.nl/resource/jhie-znh9.json,https://opendata.rdw.nl/resource/kmfi-hrps.json,1,Benzine,4.60,108,,70,83,4,70/220*2003/76B,,,,50.00,,4500,,,,,,,,,,,,,,EURO 4,,,,,,,,,,,,,,,,,,,,,,,,,,,,,,,,,,,,,,,,,,,,,,,,,,,,,,,,,,,,,,,,,,,,,,,,,,,,,ok
00GKB6,Personenauto,TOYOTA,TOYOTA AYGO,20261222,20241230,678,hatchback,4,GRIJS,Niet geregistreerd,3,998,805,1190,905,,,20080716,20080716,Geen verstrekking in Open Data,10580,Ja,,,,,,,4,4,,,,341,,M1,,,r. op bodemplaat by voorzitting,1190,AB1,,e11*2001/116*0236*05,KGB10(H),KGB10L-AHMGKW(1F),0,0.06,234,Nee,Nee,,Nee,,,,2025,Logisch,00,Ja,2026-12-22T00:00:00.000,2024-12-30T00:00:00.000,2008-07-16T00:00:00.000,2008-07-16T00:00:00.000,,,,,,,,,,,,,,,,,,,,,A,,,,,,,,,https://opendata.rdw.nl/resource/3huj-srit.json,https://opendata.rdw.nl/resource/8ys7-d773.json,https://opendata.rdw.nl/resource/vezc-m2t6.json,https://opendata.rdw.nl/resource/jhie-znh9.json,https://opendata.rdw.nl/resource/kmfi-hrps.json,1,Benzine,4.60,108,,70,83,4,70/220*2003/76B,,,,50.00,,4500,,,,,,,,,,,,,,EURO 4,,,,,,,,,,,,,,,,,,,,,,,,,,,,,,,,,,,,,,,,,,,,,,,,,,,,,,,,,,,,,,,,,,,,,,,,,,,,,ok
00GKG3,Personenauto,TOYOTA,TOYOTA YARIS,20261222,20251228,3348,MPV,5,GRIJS,Niet geregistreerd,4,1298,995,1480,1095,547,900,20080711,20080711,Geen verstrekking in Open Data,16825,Ja,,,,,,,4,4,,,,,,M1,,,r. op bodemplaat by voorzitting,1480,XP9F(A),,e11*2001/116*0249*01,SCP90(H),SCP90L-CHMGKW(1B),1,0.06,246,Nee,Nee,,Nee,2380,,,2025,Logisch,00,Ja,2026-12-22T00:00:00.000,2025-12-28T00:00:00.000,2008-07-11T00:00:00.000,2008-07-11T00:00:00.000,,,,,,,,,,,,,,,,,,,,,C,,,,,,,,,https://opendata.rdw.nl/resource/3huj-srit.json,https://opendata.rdw.nl/resource/8ys7-d773.json,https://opendata.rdw.nl/resource/vezc-m2t6.json,https://opendata.rdw.nl/resource/jhie-znh9.json,https://opendata.rdw.nl/resource/kmfi-hrps.json,1,Benzine,6.00,141,,68,82,4,70/220*2003/76B,,,,64.00,,4500,,,,,,,,,,,,,,EURO 4,,,,,,,,,,,,,,,,,,,,,,,,,,,,,,,,,,,,,,,,,,,,,,,,,,,,,,,,,,,,,,,,,,,,,,,,,,,,,ok
00GKG4,Personenauto,TOYOTA,TOYOTA PRIUS,20270810,20101202,946,hatchback,5,ZWART,Niet geregistreerd,4,1497,1275,1725,1375,,,20080711,20080711,Geen verstrekking in Open Data,25669,Ja,,,,,,,4,4,,,,445,,M1,,,r. tegen schutbord onder motorkap,1725,,,e11*2001/116*0200*04,NHW20(E),NHW20L-AHEEBW(1E),0,0.00,270,Nee,Nee,,Nee,,,,2026,Logisch,00,Ja,2027-08-10T00:00:00.000,2010-12-02T00:00:00.000,2008-07-11T00:00:00.000,2008-07-11T00:00:00.000,,,,,,,,,,,,,,,,,,,,,A,,,,,,,,,https://opendata.rdw.nl/resource/3huj-srit.json,https://opendata.rdw.nl/resource/8ys7-d773.json,https://opendata.rdw.nl/resource/vezc-m2t6.json,https://opendata.rdw.nl/resource/jhie-znh9.json,https://opendata.rdw.nl/resource/kmfi-hrps.json,1,Benzine,4.30,104,,69,66,4,70/220*2003/76B,,,,57.00,,2500,,,,,,,,,,,,NOVC-HEV,,EURO 4,,,,,,,2,Elektriciteit,,,,,,Z,70/220*2003/76B,,,,,,,,,,,,,,,,,,NOVC-HEV,,EURO 4,,,,,,,,,,,,,,,,,,,,,,,,,,,,,,,,,,,,,,,,,,ok
00GKJ3,Personenauto,TOYOTA,TOYOTA RAV4,20270727,20230729,9709,MPV,5,GRIJS,Niet geregistreerd,4,1998,1480,2110,1580,750,1500,20080721,20080721,Geen verstrekking in Open Data,38830,Ja,,,,,,,4,4,,,,,,M1,,,op bodemplaat onder r. voorzitting,2110,XA3(A),,e6*2001/116*0105*02,ACA30(W),ACA30L-AWPGKW(1C),0,0.07,256,Nee,Nee,,Nee,3610,,,2026,Logisch,00,Ja,2027-07-27T00:00:00.000,2023-07-29T00:00:00.000,2008-07-21T00:00:00.000,2008-07-21T00:00:00.000,,,,,,,,,,,,,,,,,,,,,E,,,,,,,,,https://opendata.rdw.nl/resource/3huj-srit.json,https://opendata.rdw.nl/resource/8ys7-d773.json,https://opendata.rdw.nl/resource/vezc-m2t6.json,https://opendata.rdw.nl/resource/jhie-znh9.json,https://opendata.rdw.nl/resource/kmfi-hrps.json,1,Benzine,9.00,212,,,84,4,70/220*2003/76B,,,,112.00,,4500,,,,,,,,,,,,,,EURO 4,,,,,,,,,,,,,,,,,,,,,,,,,,,,,,,,,,,,,,,,,,,,,,,,,,,,,,,,,,,,,,,,,,,,,,,,,,,,,ok
00GKK7,Personenauto,TOYOTA,TOYOTA YARIS,20261103,20260907,3348,MPV,5,GRIJS,Niet geregistreerd,4,1298,995,1480,1095,547,900,20080711,20080711,Geen verstrekking in Open Data,16825,Ja,,,,,,,4,4,,,,,,M1,,,r. op bodemplaat by voorzitting,1480,XP9F(A),,e11*2001/116*0249*01,SCP90(H),SCP90L-CHMGKW(1B),1,0.06,246,Nee,Nee,,Nee,2380,,,2026,Logisch,00,Ja,2026-11-03T00:00:00.000,2026-09-07T00:00:00.000,2008-07-11T00:00:00.000,2008-07-11T00:00:00.000,,,,,,,,,,,,,,,,,,,,,C,,,,,,,,,https://opendata.rdw.nl/resource/3huj-srit.json,https://opendata.rdw.nl/resource/8ys7-d773.json,https://opendata.rdw.nl/resource/vezc-m2t6.json,https://opendata.rdw.nl/resource/jhie-znh9.json,https://opendata.rdw.nl/resource/kmfi-hrps.json,1,Benzine,6.00,141,,68,82,4,70/220*2003/76B,,,,64.00,,4500,,,,,,,,,,,,,,EURO 4,,,,,,,,,,,,,,,,,,,,,,,,,,,,,,,,,,,,,,,,,,,,,,,,,,,,,,,,,,,,,,,,,,,,,,,,,,,,,ok
00GKK8,Personenauto,TOYOTA,TOYOTA YARIS,20270203,20250902,1686,MPV,5,GRIJS,Niet geregistreerd,3,998,955,1440,1055,527,750,20080710,20080710,Geen verstrekking in Open Data,12456,Ja,,,,,,,2,4,,,,,,M1,,,r. op bodemplaat by voorzitting,1440,XP9F(A),,e11*2001/116*0249*02,KSP90(G),KSP90L-CGMRKW(4C),0,0.05,246,Nee,Nee,,Nee,2190,,,2026,Logisch,00,Ja,2027-02-03T00:00:00.000,2025-09-02T00:00:00.000,2008-07-10T00:00:00.000,2008-07-10T00:00:00.000,,,,,,,,,,,,,,,,,,,,,B,,,,,,,,,https://opendata.rdw.nl/resource/3huj-srit.json,https://opendata.rdw.nl/resource/8ys7-d773.json,https://opendata.rdw.nl/resource/vezc-m2t6.json,https://opendata.rdw.nl/resource/jhie-znh9.json,https://opendata.rdw.nl/resource/kmfi-hrps.json,1,Benzine,5.40,127,,,80,4,70/220*2003/76B,,,,51.00,,4500,,,,,,,,,,,,,,EURO 4,,,,,,,,,,,,,,,,,,,,,,,,,,,,,,,,,,,,,,,,,,,,,,,,,,,,,,,,,,,,,,,,,,,,,,,,,,,,,ok
00GKK9,Personenauto,TOYOTA,TOYOTA YARIS,20261003,20101102,1583,MPV,5,GRIJS,Niet geregistreerd,3,998,955,1440,1055,527,750,20080710,20080710,Geen verstrekking in Open Data,12064,Ja,,,,,,,4,4,,,,,,M1,,,r. op bodemplaat by voorzitting,1440,XP9F(A),,e11*2001/116*0249*02,KSP90(H),KSP90L-CHMRKW(4C),0,0.05,246,Nee,Nee,,Nee,2190,,,2025,Logisch,00,Ja,2026-10-03T00:00:00.000,2010-11-02T00:00:00.000,2008-07-10T00:00:00.000,2008-07-10T00:00:00.000,,,,,,,,,,,,,,,,,,,,,B,,,,,,,,,https://opendata.rdw.nl/resource/3huj-srit.json,https://opendata.rdw.nl/resource/8ys7-d773.json,https://opendata.rdw.nl/resource/vezc-m2t6.json,https://opendata.rdw.nl/resource/jhie-znh9.json,https://opendata.rdw.nl/resource/kmfi-hrps.json,1,Benzine,5.40,127,,,80,4,70/220*2003/76B,,,,51.00,,4500,,,,,,,,,,,,,,EURO 4,,,,,,,,,,,,,,,,,,,,,,,,,,,,,,,,,,,,,,,,,,,,,,,,,,,,,,,,,,,,,,,,,,,,,,,,,,,,,ok
00GKN7,Personenauto,TOYOTA,TOYOTA AYGO,20261128,20240320,610,hatchback,4,ZWART,Niet geregistreerd,3,998,795,1180,895,,,20080912,20080912,Geen verstrekking in Open Data,10321,Ja,,,,,,,2,4,,,,341,,M1,,,r. op bodemplaat by voorzitting,1180,AB1,,e11*2001/116*0236*05,KGB10(G),KGB10L-AGMGKW(1F),0,0.06,234,Nee,Nee,,Nee,,,,2026,Logisch,00,Ja,2026-11-28T00:00:00.000,2024-03-20T00:00:00.000,2008-09-12T00:00:00.000,2008-09-12T00:00:00.000,,,,,,,,,,,,,,,,,,,,,A,,,,,,,,,https://opendata.rdw.nl/resource/3huj-srit.json,https://opendata.rdw.nl/resource/8ys7-d773.json,https://opendata.rdw.nl/resource/vezc-m2t6.json,https://opendata.rdw.nl/resource/jhie-znh9.json,https://opendata.rdw.nl/resource/kmfi-hrps.json,1,Benzine,4.60,108,,70,83,4,70/220*2003/76B,,,,50.00,,4500,,,,,,,,,,,,,,EURO 4,,,,,,,,,,,,,,,,,,,,,,,,,,,,,,,,,,,,,,,,,,,,,,,,,,,,,,,,,,,,,,,,,,,,,,,,,,,,,ok
00GKS2,Personenauto,TOYOTA,TOYOTA AYGO,20270513,20150214,678,hatchback,4,BLAUW,Niet geregistreerd,3,998,805,1190,905,,,20080711,20080711,Geen verstrekking in Open Data,10580,Ja,,,,,,,4,4,,,,341,,M1,,,r. op bodemplaat by voorzitting,1190,AB1,,e11*2001/116*0236*05,KGB10(H),KGB10L-AHMGKW(1F),0,0.06,234,Nee,Nee,,Nee,,,,2026,Logisch,00,Ja,2027-05-13T00:00:00.000,2015-02-14T00:00:00.000,2008-07-11T00:00:00.000,2008-07-11T00:00:00.000,,,,,,,,,,,,,,,,,,,,,A,,,,,,,,,https://opendata.rdw.nl/resource/3huj-srit.json,https://opendata.rdw.nl/resource/8ys7-d773.json,https://opendata.rdw.nl/resource/vezc-m2t6.json,https://opendata.rdw.nl/resource/jhie-znh9.json,https://opendata.rdw.nl/resource/kmfi-hrps.json,1,Benzine,4.60,108,,70,83,4,70/220*2003/76B,,,,50.00,,4500,,,,,,,,,,,,,,EURO 4,,,,,,,,,,,,,,,,,,,,,,,,,,,,,,,,,,,,,,,,,,,,,,,,,,,,,,,,,,,,,,,,,,,,,,,,,,,,,ok
00GKV6,Personenauto,TOYOTA,TOYOTA YARIS,20270715,20180629,2084,MPV,5,ZWART,Niet geregistreerd,3,998,955,1440,1055,527,750,20080714,20080714,Geen verstrekking in Open Data,13975,Ja,,,,,,,2,4,,,,,,M1,,,r. op bodemplaat by voorzitting,1440,XP9F(A),,e11*2001/116*0249*01,KSP90(G),KSP90L-CGMRKW(1B),1,0.05,246,Nee,Ja,,Nee,2190,,,2026,Logisch,00,Ja,2027-07-15T00:00:00.000,2018-06-29T00:00:00.000,2008-07-14T00:00:00.000,2008-07-14T00:00:00.000,,,,,,,,,,,,,,,,,,,,,B,,,,,,,,,https://opendata.rdw.nl/resource/3huj-srit.json,https://opendata.rdw.nl/resource/8ys7-d773.json,https://opendata.rdw.nl/resource/vezc-m2t6.json,https://opendata.rdw.nl/resource/jhie-znh9.json,https://opendata.rdw.nl/resource/kmfi-hrps.json,1,Benzine,5.40,127,,70,80,4,70/220*2003/76B,,,,51.00,,4500,,,,,,,,,,,,,,EURO 4,,,,,,,,,,,,,,,,,,,,,,,,,,,,,,,,,,,,,,,,,,,,,,,,,,,,,,,,,,,,,,,,,,,,,,,,,,,,,ok
00GKZ8,Personenauto,TOYOTA,TOYOTA AYGO,20270304,20260730,932,hatchback,4,ZWART,Niet geregistreerd,3,998,805,1190,905,,,20080829,20080829,Geen verstrekking in Open Data,11550,Ja,,,,,,,4,4,,,,341,,M1,,,r. op bodemplaat by voorzitting,1190,AB1,,e11*2001/116*0236*05,KGB10(H),KGB10L-AHMGKW(1F),0,0.06,234,Nee,Nee,,Nee,,,,2026,Onlogisch,04,Ja,2027-03-04T00:00:00.000,2026-07-30T00:00:00.000,2008-08-29T00:00:00.000,2008-08-29T00:00:00.000,,,,,,,,,,,,,,,,,,,,,A,,,,,,,,,https://opendata.rdw.nl/resource/3huj-srit.json,https://opendata.rdw.nl/resource/8ys7-d773.json,https://opendata.rdw.nl/resource/vezc-m2t6.json,https://opendata.rdw.nl/resource/jhie-znh9.json,https://opendata.rdw.nl/resource/kmfi-hrps.json,1,Benzine,4.60,108,,70,83,4,70/220*2003/76B,,,,50.00,,4500,,,,,,,,,,,,,,EURO 4,,,,,,,,,,,,,,,,,,,,,,,,,,,,,,,,,,,,,,,,,,,,,,,,,,,,,,,,,,,,,,,,,,,,,,,,,,,,,ok
00GLD5,Personenauto,TOYOTA,TOYOTA AYGO,20270706,20221219,295,hatchback,4,GRIJS,Niet geregistreerd,3,998,775,1180,875,,,20080721,20080721,Geen verstrekking in Open Data,9120,Ja,,,,,,,2,4,,,,341,,M1,,,r. op bodemplaat by voorzitting,1180,AB1,,e11*2001/116*0236*05,KGB10(G),KGB10L-AGMRKW(1F),0,0.06,234,Nee,Nee,,Nee,,,,2026,Logisch,00,Ja,2027-07-06T00:00:00.000,2022-12-19T00:00:00.000,2008-07-21T00:00:00.000,2008-07-21T00:00:00.000,,,,,,,,,,,,,,,,,,,,,A,,,,,,,,,https://opendata.rdw.nl/resource/3huj-srit.json,https://opendata.rdw.nl/resource/8ys7-d773.json,https://opendata.rdw.nl/resource/vezc-m2t6.json,https://opendata.rdw.nl/resource/jhie-znh9.json,https://opendata.rdw.nl/resource/kmfi-hrps.json,1,Benzine,4.60,108,,70,83,4,70/220*2003/76B,,,,50.00,,4500,,,,,,,,,,,,,,EURO 4,,,,,,,,,,,,,,,,,,,,,,,,,,,,,,,,,,,,,,,,,,,,,,,,,,,,,,,,,,,,,,,,,,,,,,,,,,,,,ok
00GLK1,Personenauto,TOYOTA,TOYOTA AYGO,20270820,20231115,373,hatchback,4,ZWART,Niet geregistreerd,3,998,780,1190,880,,,20080719,20080719,Geen verstrekking in Open Data,9420,Ja,,,,,,,4,4,,,,341,,M1,,,r. op bodemplaat by voorzitting,1190,AB1,,e11*2001/116*0236*05,KGB10(H),KGB10L-AHMRKW(1F),0,0.06,234,Nee,Nee,,Nee,,,,2026,Logisch,00,Ja,2027-08-20T00:00:00.000,2023-11-15T00:00:00.000,2008-07-19T00:00:00.000,2008-07-19T00:00:00.000,,,,,,,,,,,,,,,,,,,,,A,,,,,,,,,https://opendata.rdw.nl/resource/3huj-srit.json,https://opendata.rdw.nl/resource/8ys7-d773.json,https://opendata.rdw.nl/resource/vezc-m2t6.json,https://opendata.rdw.nl/resource/jhie-znh9.json,https://opendata.rdw.nl/resource/kmfi-hrps.json,1,Benzine,4.60,108,,70,83,4,70/220*2003/76B,,,,50.00,,4500,,,,,,,,,,,,,,EURO 4,,,,,,,,,,,,,,,,,,,,,,,,,,,,,,,,,,,,,,,,,,,,,,,,,,,,,,,,,,,,,,,,,,,,,,,,,,,,,ok
00GLN3,Personenauto,TOYOTA,TOYOTA YARIS,20270124,20260620,1843,MPV,5,ZWART,Niet geregistreerd,3,998,955,1440,1055,527,750,20080731,20080731,Geen verstrekking in Open Data,13055,Ja,,,,,,,4,4,,,,,,M1,,,r. op bodemplaat by voorzitting,1440,XP9F(A),,e11*2001/116*0249*02,KSP90(H),KSP90L-CHMRKW(4C),0,0.05,246,Nee,Nee,,Nee,2190,,,2026,Logisch,00,Ja,2027-01-24T00:00:00.000,2026-06-20T00:00:00.000,2008-07-31T00:00:00.000,2008-07-31T00:00:00.000,,,,,,,,,,,,,,,,,,,,,B,,,,,,,,,https://opendata.rdw.nl/resource/3huj-srit.json,https://opendata.rdw.nl/resource/8ys7-d773.json,https://opendata.rdw.nl/resource/vezc-m2t6.json,https://opendata.rdw.nl/resource/jhie-znh9.json,https://opendata.rdw.nl/resource/kmfi-hrps.json,1,Benzine,5.40,127,,,80,4,70/220*2003/76B,,,,51.00,,4500,,,,,,,,,,,,,,EURO 4,,,,,,,,,,,,,,,,,,,,,,,,,,,,,,,,,,,,,,,,,,,,,,,,,,,,,,,,,,,,,,,,,,,,,,,,,,,,,ok
00GLN5,Personenauto,TOYOTA,TOYOTA AYGO,20261120,20230322,932,hatchback,4,GRIJS,Niet geregistreerd,3,998,805,1190,905,,,20080723,20080723,Geen verstrekking in Open Data,11550,Ja,,,,,,,4,4,,,,341,,M1,,,r. op bodemplaat by voorzitting,1190,AB1,,e11*2001/116*0236*05,KGB10(H),KGB10L-AHMGKW(1F),0,0.06,234,Nee,Nee,,Nee,,,,2025,Logisch,00,Nee,2026-11-20T00:00:00.000,2023-03-22T00:00:00.000,2008-07-23T00:00:00.000,2008-07-23T00:00:00.000,,,,,,,,,,,,,,,,,,,,,A,,,,,,,,,https://opendata.rdw.nl/resource/3huj-srit.json,https://opendata.rdw.nl/resource/8ys7-d773.json,https://opendata.rdw.nl/resource/vezc-m2t6.json,https://opendata.rdw.nl/resource/jhie-znh9.json,https://opendata.rdw.nl/resource/kmfi-hrps.json,1,Benzine,4.60,108,,70,83,4,70/220*2003/76B,,,,50.00,,4500,,,,,,,,,,,,,,EURO 4,,,,,,,,,,,,,,,,,,,,,,,,,,,,,,,,,,,,,,,,,,,,,,,,,,,,,,,,,,,,,,,,,,,,,,,,,,,,,ok
00GLR3,Personenauto,TOYOTA,TOYOTA AYGO,20270523,20200215,373,hatchback,4,GRIJS,Niet geregistreerd,3,998,780,1190,880,,,20080728,20080728,Geen verstrekking in Open Data,9420,Ja,,,,,,,4,4,,,,341,,M1,,,r. op bodemplaat by voorzitting,1190,AB1,,e11*2001/116*0236*05,KGB10(H),KGB10L-AHMRKW(1F),0,0.06,234,Nee,Nee,,Nee,,,,2026,Logisch,00,Ja,2027-05-23T00:00:00.000,2020-02-15T00:00:00.000,2008-07-28T00:00:00.000,2008-07-28T00:00:00.000,,,,,,,,,,,,,,,,,,,,,A,,,,,,,,,https://opendata.rdw.nl/resource/3huj-srit.json,https://opendata.rdw.nl/resource/8ys7-d773.json,https://opendata.rdw.nl/resource/vezc-m2t6.json,https://opendata.rdw.nl/resource/jhie-znh9.json,https://opendata.rdw.nl/resource/kmfi-hrps.json,1,Benzine,4.60,108,,70,83,4,70/220*2003/76B,,,,50.00,,4500,,,,,,,,,,,,,,EURO 4,,,,,,,,,,,,,,,,,,,,,,,,,,,,,,,,,,,,,,,,,,,,,,,,,,,,,,,,,,,,,,,,,,,,,,,,,,,,,ok
00GLX2,Personenauto,TOYOTA,TOYOTA YARIS,20261001,20190620,1583,MPV,5,BLAUW,Niet geregistreerd,3,998,955,1440,1055,527,750,20080723,20080723,Geen verstrekking in Open Data,12064,Ja,,,,,,,4,4,,,,,,M1,,,r. op bodemplaat by voorzitting,1440,XP9F(A),,e11*2001/116*0249*02,KSP90(H),KSP90L-CHMRKW(4C),0,0.05,246,Nee,Nee,,Nee,2190,,,2025,Logisch,00,Ja,2026-10-01T00:00:00.000,2019-06-20T00:00:00.000,2008-07-23T00:00:00.000,2008-07-23T00:00:00.000,,,,,,,,,,,,,,,,,,,,,B,,,,,,,,,https://opendata.rdw.nl/resource/3huj-srit.json,https://opendata.rdw.nl/resource/8ys7-d773.json,https://opendata.rdw.nl/resource/vezc-m2t6.json,https://opendata.rdw.nl/resource/jhie-znh9.json,https://opendata.rdw.nl/resource/kmfi-hrps.json,1,Benzine,5.40,127,,,80,4,70/220*2003/76B,,,,51.00,,4500,,,,,,,,,,,,,,EURO 4,,,,,,,,,,,,,,,,,,,,,,,,,,,,,,,,,,,,,,,,,,,,,,,,,,,,,,,,,,,,,,,,,,,,,,,,,,,,,ok
00GLX3,Personenauto,TOYOTA,TOYOTA AYGO,20241007,,751,hatchback,4,ROOD,Niet geregistreerd,3,998,795,1180,895,,,20080829,20080829,Geen verstrekking in Open Data,10860,Nee,,,,,,,2,4,,,,341,,M1,,,r. op bodemplaat by voorzitting,1180,AB1,,e11*2001/116*0236*05,KGB10(G),KGB10L-AGMGKW(1F),0,0.06,234,Ja,Nee,,Nee,,,,2024,Geen oordeel,07,Nee,2024-10-07T00:00:00.000,,2008-08-29T00:00:00.000,2008-08-29T00:00:00.000,,,,,,,,,,,,,,,,,,,,,A,,,,,,,,,https://opendata.rdw.nl/resource/3huj-srit.json,https://opendata.rdw.nl/resource/8ys7-d773.json,https://opendata.rdw.nl/resource/vezc-m2t6.json,https://opendata.rdw.nl/resource/jhie-znh9.json,https://opendata.rdw.nl/resource/kmfi-hrps.json,1,Benzine,4.60,108,,70,83,4,70/220*2003/76B,,,,50.00,,4500,,,,,,,,,,,,,,EURO 4,,,,,,,,,,,,,,,,,,,,,,,,,,,,,,,,,,,,,,,,,,,,,,,,,,,,,,,,,,,,,,,,,,,,,,,,,,,,,ok
00GND1,Personenauto,TOYOTA,TOYOTA AURIS,20260202,,5484,hatchback,5,GRIJS,Niet geregistreerd,4,1598,1235,1750,1335,450,1300,20080808,20080808,Geen verstrekking in Open Data,24970,Nee,,,,,,,4,4,,,,422,,M1,,,op bodemplaat by r. voorzitting,1750,,,e11*2001/116*0305*00,ZRE151(H),ZRE151L-DHMNKW(1A),0,0.07,260,Ja,Nee,,Nee,3050,,,2025,Logisch,00,Nee,2026-02-02T00:00:00.000,,2008-08-08T00:00:00.000,2008-08-08T00:00:00.000,,,,,,,,,,,,,,,,,,,,,C,,,,,,,,,https://opendata.rdw.nl/resource/3huj-srit.json,https://opendata.rdw.nl/resource/8ys7-d773.json,https://opendata.rdw.nl/resource/vezc-m2t6.json,https://opendata.rdw.nl/resource/jhie-znh9.json,https://opendata.rdw.nl/resource/kmfi-hrps.json,1,Benzine,7.10,166,,70,79,4,70/220*2003/76B,,,,91.00,,4500,,,,,,,,,,,,,,EURO 4,,,,,,,,,,,,,,,,,,,,,,,,,,,,,,,,,,,,,,,,,,,,,,,,,,,,,,,,,,,,,,,,,,,,,,,,,,,,,ok
00GND2,Personenauto,TOYOTA,TOYOTA AYGO,20270726,20110610,1055,hatchback,4,BLAUW,Niet geregistreerd,3,998,795,1180,895,,,20080726,20080726,Geen verstrekking in Open Data,12020,Ja,,,,,,,2,4,,,,341,,M1,,,r. op bodemplaat by voorzitting,1180,AB1,,e11*2001/116*0236*05,KGB10(G),KGB10L-AGMGKW(1F),0,0.06,234,Nee,Nee,,Nee,,,,2026,Logisch,00,Ja,2027-07-26T00:00:00.000,2011-06-10T00:00:00.000,2008-07-26T00:00:00.000,2008-07-26T00:00:00.000,,,,,,,,,,,,,,,,,,,,,A,,,,,,,,,https://opendata.rdw.nl/resource/3huj-srit.json,https://opendata.rdw.nl/resource/8ys7-d773.json,https://opendata.rdw.nl/resource/vezc-m2t6.json,https://opendata.rdw.nl/resource/jhie-znh9.json,https://opendata.rdw.nl/resource/kmfi-hrps.json,1,Benzine,4.60,108,,70,83,4,70/220*2003/76B,,,,50.00,,4500,,,,,,,,,,,,,,EURO 4,,,,,,,,,,,,,,,,,,,,,,,,,,,,,,,,,,,,,,,,,,,,,,,,,,,,,,,,,,,,,,,,,,,,,,,,,,,,,ok
00GNR2,Personenauto,TOYOTA,TOYOTA AYGO,20261106,20201109,1124,hatchback,4,ZWART,Niet geregistreerd,3,998,805,1190,905,,,20080815,20080815,Geen verstrekking in Open Data,12281,Ja,,,,,,,4,4,,,,341,,M1,,,r. op bodemplaat by voorzitting,1190,AB1,,e11*2001/116*0236*05,KGB10(H),KGB10L-AHMGKW(1F),0,0.06,234,Nee,Nee,,Nee,,,,2025,Logisch,00,Ja,2026-11-06T00:00:00.000,2020-11-09T00:00:00.000,2008-08-15T00:00:00.000,2008-08-15T00:00:00.000,,,,,,,,,,,,,,,,,,,,,A,,,,,,,,,https://opendata.rdw.nl/resource/3huj-srit.json,https://opendata.rdw.nl/resource/8ys7-d773.json,https://opendata.rdw.nl/resource/vezc-m2t6.json,https://opendata.rdw.nl/resource/jhie-znh9.json,https://opendata.rdw.nl/resource/kmfi-hrps.json,1,Benzine,4.60,108,,70,83,4,70/220*2003/76B,,,,50.00,,4500,,,,,,,,,,,,,,EURO 4,,,,,,,,,,,,,,,,,,,,,,,,,,,,,,,,,,,,,,,,,,,,,,,,,,,,,,,,,,,,,,,,,,,,,,,,,,,,,ok
00GNV2,Personenauto,TOYOTA,TOYOTA LAND CRUISER (120SERIES),20270826,20170127,29569,stationwagen,5,ZWART,Niet geregistreerd,4,2982,1935,2850,2035,750,2800,20080818,20080818,Geen verstrekking in Open Data,73180,Ja,,,,,,,5,4,,,,,,M1,,G,tegen r. balk a. vooras,2850,,,e6*2001/116*0089*05,KDJ120(K),KDJ120L-GKAEYW(9F),0,0.06,279,Nee,Nee,,Nee,5650,,,2026,Logisch,00,Ja,2027-08-26T00:00:00.000,2017-01-27T00:00:00.000,2008-08-18T00:00:00.000,2008-08-18T00:00:00.000,,,,,,,,,,,,,,,,,,,,,G,,,,,,,,,https://opendata.rdw.nl/resource/3huj-srit.json,https://opendata.rdw.nl/resource/8ys7-d773.json,https://opendata.rdw.nl/resource/vezc-m2t6.json,https://opendata.rdw.nl/resource/jhie-znh9.json,https://opendata.rdw.nl/resource/kmfi-hrps.json,1,Diesel,9.00,238,,,77,4,70/220*2003/76B,,0.04000,,127.00,,2550,,,,,,,,,,,,,,EURO 4,,,,,,,,,,,,,,,,,,,,,,,,,,,,,,,,,,,,,,,,,,,,,,,,,,,,,,,,,,,,,,,,,,,,,,,,,,,,,ok
00GNV3,Personenauto,TOYOTA,TOYOTA AYGO,20260822,20260114,678,hatchback,4,GRIJS,Niet geregistreerd,3,998,805,1190,905,,,20080811,20080811,Geen verstrekking in Open Data,10580,Ja,,,,,,,4,4,,,,341,,M1,,,r. op bodemplaat by voorzitting,1190,AB1,,e11*2001/116*0236*05,KGB10(H),KGB10L-AHMGKW(1F),0,0.06,234,Nee,Nee,,Nee,,,,2025,Logisch,00,Ja,2026-08-22T00:00:00.000,2026-01-14T00:00:00.000,2008-08-11T00:00:00.000,2008-08-11T00:00:00.000,,,,,,,,,,,,,,,,,,,,,A,,,,,,,,,https://opendata.rdw.nl/resource/3huj-srit.json,https://opendata.rdw.nl/resource/8ys7-d773.json,https://opendata.rdw.nl/resource/vezc-m2t6.json,https://opendata.rdw.nl/resource/jhie-znh9.json,https://opendata.rdw.nl/resource/kmfi-hrps.json,1,Benzine,4.60,108,,70,83,4,70/220*2003/76B,,,,50.00,,4500,,,,,,,,,,,,,,EURO 4,,,,,,,,,,,,,,,,,,,,,,,,,,,,,,,,,,,,,,,,,,,,,,,,,,,,,,,,,,,,,,,,,,,,,,,,,,,,,ok
00GNZ9,Personenauto,TOYOTA,TOYOTA AVENSIS,20250818,,7673,stationwagen,5,GRIJS,Niet geregistreerd,4,1998,1340,1895,1440,500,1400,20080806,20080806,Geen verstrekking in Open Data,32190,Nee,,,,,,,4,4,,,,,,M1,,,midden tegen schutbord onder motorkap,1895,,,e11*2001/116*0196*08,AZT250(W),AZT250L-AWMEHW(1J),0,0.08,270,Ja,Nee,,Nee,3295,,,2024,Logisch,00,Nee,2025-08-18T00:00:00.000,,2008-08-06T00:00:00.000,2008-08-06T00:00:00.000,,,,,,,,,,,,,,,,,,,,,D,,,,,,,,,https://opendata.rdw.nl/resource/3huj-srit.json,https://opendata.rdw.nl/resource/8ys7-d773.json,https://opendata.rdw.nl/resource/vezc-m2t6.json,https://opendata.rdw.nl/resource/jhie-znh9.json,https://opendata.rdw.nl/resource/kmfi-hrps.json,1,Benzine,8.10,193,,,81,4,70/220*2003/76B,,,,108.00,,4275,,,,,,,,,,,,,,EURO 4,,,,,,,,,,,,,,,,,,,,,,,,,,,,,,,,,,,,,,,,,,,,,,,,,,,,,,,,,,,,,,,,,,,,,,,,,,,,,ok
00GPB1,Personenauto,TOYOTA,TOYOTA YARIS,20270806,20181116,3584,MPV,5,GRIJS,Niet geregistreerd,4,1298,1000,1480,1100,550,750,20080806,20080806,Geen verstrekking in Open Data,17725,Ja,,,,,,,4,4,,,,,,M1,,,r. op bodemplaat by voorzitting,1480,XP9F(A),,e11*2001/116*0249*02,SCP90(H),SCP90L-CHGGKW(1C),0,0.06,246,Nee,Nee,,Nee,2230,,,2026,Logisch,00,Ja,2027-08-06T00:00:00.000,2018-11-16T00:00:00.000,2008-08-06T00:00:00.000,2008-08-06T00:00:00.000,,,,,,,,,,,,,,,,,,,,,C,,,,,,,,,https://opendata.rdw.nl/resource/3huj-srit.json,https://opendata.rdw.nl/resource/8ys7-d773.json,https://opendata.rdw.nl/resource/vezc-m2t6.json,https://opendata.rdw.nl/resource/jhie-znh9.json,https://opendata.rdw.nl/resource/kmfi-hrps.json,1,Benzine,5.80,136,,,82,4,70/220*2003/76B,,,,64.00,,4500,,,,,,,,,,,,,,EURO 4,,,,,,,,,,,,,,,,,,,,,,,,,,,,,,,,,,,,,,,,,,,,,,,,,,,,,,,,,,,,,,,,,,,,,,,,,,,,,ok
00GPF8,Personenauto,TOYOTA,TOYOTA AYGO,20270410,20240227,678,hatchback,4,BLAUW,Niet geregistreerd,3,998,805,1190,905,,,20080808,20080808,Geen verstrekking in Open Data,10580,Ja,,,,,,,4,4,,,,341,,M1,,,r. op bodemplaat by voorzitting,1190,AB1,,e11*2001/116*0236*05,KGB10(H),KGB10L-AHMGKW(1F),0,0.06,234,Nee,Nee,,Nee,,,,2026,Onlogisch,04,Ja,2027-04-10T00:00:00.000,2024-02-27T00:00:00.000,2008-08-08T00:00:00.000,2008-08-08T00:00:00.000,,,,,,,,,,,,,,,,,,,,,A,,,,,,,,,https://opendata.rdw.nl/resource/3huj-srit.json,https://opendata.rdw.nl/resource/8ys7-d773.json,https://opendata.rdw.nl/resource/vezc-m2t6.json,https://opendata.rdw.nl/resource/jhie-znh9.json,https://opendata.rdw.nl/resource/kmfi-hrps.json,1,Benzine,4.60,108,,70,83,4,70/220*2003/76B,,,,50.00,,4500,,,,,,,,,,,,,,EURO 4,,,,,,,,,,,,,,,,,,,,,,,,,,,,,,,,,,,,,,,,,,,,,,,,,,,,,,,,,,,,,,,,,,,,,,,,,,,,,ok
00GPJ4,Personenauto,TOYOTA,TOYOTA AURIS,20270821,20220211,5484,hatchback,5,ZWART,Niet geregistreerd,4,1598,1235,1750,1335,450,1300,20080821,20080821,Geen verstrekking in Open Data,24970,Ja,,,,,,,4,4,,,,422,,M1,,,op bodemplaat by r. voorzitting,1750,,,e11*2001/116*0305*00,ZRE151(H),ZRE151L-DHMNKW(1A),0,0.07,260,Nee,Nee,,Nee,3050,,,2026,Logisch,00,Ja,2027-08-21T00:00:00.000,2022-02-11T00:00:00.000,2008-08-21T00:00:00.000,2008-08-21T00:00:00.000,,,,,,,,,,,,,,,,,,,,,C,,,,,,,,,https://opendata.rdw.nl/resource/3huj-srit.json,https://opendata.rdw.nl/resource/8ys7-d773.json,https://opendata.rdw.nl/resource/vezc-m2t6.json,https://opendata.rdw.nl/resource/jhie-znh9.json,https://opendata.rdw.nl/resource/kmfi-hrps.json,1,Benzine,7.10,166,,70,79,4,70/220*2003/76B,,,,91.00,,4500,,,,,,,,,,,,,,EURO 4,,,,,,,,,,,,,,,,,,,,,,,,,,,,,,,,,,,,,,,,,,,,,,,,,,,,,,,,,,,,,,,,,,,,,,,,,,,,,ok
00GPJ5,Personenauto,TOYOTA,TOYOTA PRIUS,20261105,20220509,2387,hatchback,5,GRIJS,Niet geregistreerd,4,1497,1275,1725,1375,,,20080811,20080811,Geen verstrekking in Open Data,31165,Ja,,,,,,,4,4,,,,445,,M1,,,r. tegen schutbord onder motorkap,1725,,,e11*2001/116*0200*04,NHW20(E),NHW20L-AHEEBW(1E),0,0.00,270,Nee,Nee,,Nee,,,,2025,Logisch,00,Ja,2026-11-05T00:00:00.000,2022-05-09T00:00:00.000,2008-08-11T00:00:00.000,2008-08-11T00:00:00.000,,,,,,,,,,,,,,,,,,,,,A,,,,,,,,,https://opendata.rdw.nl/resource/3huj-srit.json,https://opendata.rdw.nl/resource/8ys7-d773.json,https://opendata.rdw.nl/resource/vezc-m2t6.json,https://opendata.rdw.nl/resource/jhie-znh9.json,https://opendata.rdw.nl/resource/kmfi-hrps.json,1,Benzine,4.30,104,,69,66,4,70/220*2003/76B,,,,57.00,,2500,,,,,,,,,,,,NOVC-HEV,,EURO 4,,,,,,,2,Elektriciteit,,,,,,Z,70/220*2003/76B,,,,,,,,,,,,,,,,,,NOVC-HEV,,EURO 4,,,,,,,,,,,,,,,,,,,,,,,,,,,,,,,,,,,,,,,,,,ok
00GPL2,Personenauto,TOYOTA,TOYOTA AYGO,20261119,20241127,261,hatchback,4,ROOD,Niet geregistreerd,3,998,780,1190,880,,,20080904,20080904,Geen verstrekking in Open Data,8990,Ja,,,,,,,4,4,,,,341,,M1,,,r. op bodemplaat by voorzitting,1190,AB1,,e11*2001/116*0236*05,KGB10(H),KGB10L-AHMRKW(1F),0,0.06,234,Nee,Nee,,Nee,,,,2025,Logisch,00,Ja,2026-11-19T00:00:00.000,2024-11-27T00:00:00.000,2008-09-04T00:00:00.000,2008-09-04T00:00:00.000,,,,,,,,,,,,,,,,,,,,,A,,,,,,,,,https://opendata.rdw.nl/resource/3huj-srit.json,https://opendata.rdw.nl/resource/8ys7-d773.json,https://opendata.rdw.nl/resource/vezc-m2t6.json,https://opendata.rdw.nl/resource/jhie-znh9.json,https://opendata.rdw.nl/resource/kmfi-hrps.json,1,Benzine,4.60,108,,70,83,4,70/220*2003/76B,,,,50.00,,4500,,,,,,,,,,,,,,EURO 4,,,,,,,,,,,,,,,,,,,,,,,,,,,,,,,,,,,,,,,,,,,,,,,,,,,,,,,,,,,,,,,,,,,,,,,,,,,,,ok
00GPP4,Personenauto,TOYOTA,TOYOTA AYGO,20270811,20200706,678,hatchback,4,BLAUW,Niet geregistreerd,3,998,805,1190,905,,,20080811,20080811,Geen verstrekking in Open Data,10580,Ja,,,,,,,4,4,,,,341,,M1,,,r. op bodemplaat by voorzitting,1190,AB1,,e11*2001/116*0236*05,KGB10(H),KGB10L-AHMGKW(1F),0,0.06,234,Nee,Nee,,Nee,,,,2026,Logisch,00,Ja,2027-08-11T00:00:00.000,2020-07-06T00:00:00.000,2008-08-11T00:00:00.000,2008-08-11T00:00:00.000,,,,,,,,,,,,,,,,,,,,,A,,,,,,,,,https://opendata.rdw.nl/resource/3huj-srit.json,https://opendata.rdw.nl/resource/8ys7-d773.json,https://opendata.rdw.nl/resource/vezc-m2t6.json,https://opendata.rdw.nl/resource/jhie-znh9.json,https://opendata.rdw.nl/resource/kmfi-hrps.json,1,Benzine,4.60,108,,70,83,4,70/220*2003/76B,,,,50.00,,4500,,,,,,,,,,,,,,EURO 4,,,,,,,,,,,,,,,,,,,,,,,,,,,,,,,,,,,,,,,,,,,,,,,,,,,,,,,,,,,,,,,,,,,,,,,,,,,,,ok
00GPS2,Personenauto,TOYOTA,TOYOTA AYGO,20260808,20260822,932,hatchback,4,BLAUW,Niet geregistreerd,3,998,805,1190,905,,,20080808,20080808,Geen verstrekking in Open Data,11550,Nee,,,,,,,4,4,,,,341,,M1,,,r. op bodemplaat by voorzitting,1190,,,e11*2001/116*0236*04,KGB10(H),KGB10L-AHMGKW(1E),0,0.06,234,Ja,Ja,,Nee,,,,2026,Logisch,00,Nee,2026-08-08T00:00:00.000,2026-08-22T00:00:00.000,2008-08-08T00:00:00.000,2008-08-08T00:00:00.000,,,,,,,,,,,,,,,,,,,,,A,,,,,,,,,https://opendata.rdw.nl/resource/3huj-srit.json,https://opendata.rdw.nl/resource/8ys7-d773.json,https://opendata.rdw.nl/resource/vezc-m2t6.json,https://opendata.rdw.nl/resource/jhie-znh9.json,https://opendata.rdw.nl/resource/kmfi-hrps.json,1,Benzine,4.60,109,,70,83,4,70/220*2003/76B,,,,50.00,,4500,,,,,,,,,,,,,,EURO 4,,,,,,,,,,,,,,,,,,,,,,,,,,,,,,,,,,,,,,,,,,,,,,,,,,,,,,,,,,,,,,,,,,,,,,,,,,,,,ok
00GPT6,Personenauto,TOYOTA,TOYOTA AYGO,20260920,20251030,182,hatchback,4,WIT,Niet geregistreerd,3,998,775,1180,875,,,20080912,20080912,Geen verstrekking in Open Data,8690,Ja,,,,,,,2,4,,,,341,,M1,,,r. op bodemplaat by voorzitting,1180,AB1,,e11*2001/116*0236*05,KGB10(G),KGB10L-AGMRKW(1F),0,0.06,234,Nee,Nee,,Nee,,,,2025,Logisch,00,Ja,2026-09-20T00:00:00.000,2025-10-30T00:00:00.000,2008-09-12T00:00:00.000,2008-09-12T00:00:00.000,,,,,,,,,,,,,,,,,,,,,A,,,,,,,,,https://opendata.rdw.nl/resource/3huj-srit.json,https://opendata.rdw.nl/resource/8ys7-d773.json,https://opendata.rdw.nl/resource/vezc-m2t6.json,https://opendata.rdw.nl/resource/jhie-znh9.json,https://opendata.rdw.nl/resource/kmfi-hrps.json,1,Benzine,4.60,108,,70,83,4,70/220*2003/76B,,,,50.00,,4500,,,,,,,,,,,,,,EURO 4,,,,,,,,,,,,,,,,,,,,,,,,,,,,,,,,,,,,,,,,,,,,,,,,,,,,,,,,,,,,,,,,,,,,,,,,,,,,,ok
00GPX5,Personenauto,TOYOTA,TOYOTA YARIS,20270815,20180511,1686,MPV,5,ZWART,Niet geregistreerd,3,998,955,1440,1055,527,750,20080814,20080814,Geen verstrekking in Open Data,12456,Ja,,,,,,,2,4,,,,,,M1,,,r. op bodemplaat by voorzitting,1440,XP9F(A),,e11*2001/116*0249*02,KSP90(G),KSP90L-CGMRKW(4C),0,0.05,246,Nee,Nee,,Nee,2190,,,2026,Logisch,00,Ja,2027-08-15T00:00:00.000,2018-05-11T00:00:00.000,2008-08-14T00:00:00.000,2008-08-14T00:00:00.000,,,,,,,,,,,,,,,,,,,,,B,,,,,,,,,https://opendata.rdw.nl/resource/3huj-srit.json,https://opendata.rdw.nl/resource/8ys7-d773.json,https://opendata.rdw.nl/resource/vezc-m2t6.json,https://opendata.rdw.nl/resource/jhie-znh9.json,https://opendata.rdw.nl/resource/kmfi-hrps.json,1,Benzine,5.40,127,,,80,4,70/220*2003/76B,,,,51.00,,4500,,,,,,,,,,,,,,EURO 4,,,,,,,,,,,,,,,,,,,,,,,,,,,,,,,,,,,,,,,,,,,,,,,,,,,,,,,,,,,,,,,,,,,,,,,,,,,,,ok
00GRD9,Personenauto,TOYOTA,TOYOTA AYGO,20270327,20251125,678,hatchback,4,ZWART,Niet geregistreerd,3,998,805,1190,905,,,20080815,20080815,Geen verstrekking in Open Data,10580,Ja,,,,,,,4,4,,,,341,,M1,,,r. op bodemplaat by voorzitting,1190,AB1,,e11*2001/116*0236*05,KGB10(H),KGB10L-AHMGKW(1F),0,0.06,234,Nee,Nee,,Nee,,,,2026,Logisch,00,Ja,2027-03-27T00:00:00.000,2025-11-25T00:00:00.000,2008-08-15T00:00:00.000,2008-08-15T00:00:00.000,,,,,,,,,,,,,,,,,,,,,A,,,,,,,,,https://opendata.rdw.nl/resource/3huj-srit.json,https://opendata.rdw.nl/resource/8ys7-d773.json,https://opendata.rdw.nl/resource/vezc-m2t6.json,https://opendata.rdw.nl/resource/jhie-znh9.json,https://opendata.rdw.nl/resource/kmfi-hrps.json,1,Benzine,4.60,108,,70,83,4,70/220*2003/76B,,,,50.00,,4500,,,,,,,,,,,,,,EURO 4,,,,,,,,,,,,,,,,,,,,,,,,,,,,,,,,,,,,,,,,,,,,,,,,,,,,,,,,,,,,,,,,,,,,,,,,,,,,,ok
00GRK1,Personenauto,TOYOTA,TOYOTA AYGO,20261228,20230904,549,hatchback,4,ZWART,Niet geregistreerd,3,998,775,1180,875,,,20080909,20080909,Geen verstrekking in Open Data,10090,Ja,,,,,,,2,4,,,,341,,M1,,,r. op bodemplaat by voorzitting,1180,AB1,,e11*2001/116*0236*05,KGB10(G),KGB10L-AGMRKW(1F),0,0.06,234,Nee,Nee,,Nee,,,,2025,Logisch,00,Ja,2026-12-28T00:00:00.000,2023-09-04T00:00:00.000,2008-09-09T00:00:00.000,2008-09-09T00:00:00.000,,,,,,,,,,,,,,,,,,,,,A,,,,,,,,,https://opendata.rdw.nl/resource/3huj-srit.json,https://opendata.rdw.nl/resource/8ys7-d773.json,https://opendata.rdw.nl/resource/vezc-m2t6.json,https://opendata.rdw.nl/resource/jhie-znh9.json,https://opendata.rdw.nl/resource/kmfi-hrps.json,1,Benzine,4.60,108,,70,83,4,70/220*2003/76B,,,,50.00,,4500,,,,,,,,,,,,,,EURO 4,,,,,,,,,,,,,,,,,,,,,,,,,,,,,,,,,,,,,,,,,,,,,,,,,,,,,,,,,,,,,,,,,,,,,,,,,,,,,ok
00GRL8,Personenauto,TOYOTA,TOYOTA AYGO,20260825,20080822,373,hatchback,4,GRIJS,Niet geregistreerd,3,998,780,1190,880,,,20080822,20080822,Geen verstrekking in Open Data,9420,Ja,,,,,,,4,4,,,,341,,M1,,,r. op bodemplaat by voorzitting,1190,AB1,,e11*2001/116*0236*05,KGB10(H),KGB10L-AHMRKW(1F),0,0.06,234,Nee,Nee,,Nee,,,,2025,Logisch,00,Ja,2026-08-25T00:00:00.000,2008-08-22T00:00:00.000,2008-08-22T00:00:00.000,2008-08-22T00:00:00.000,,,,,,,,,,,,,,,,,,,,,A,,,,,,,,,https://opendata.rdw.nl/resource/3huj-srit.json,https://opendata.rdw.nl/resource/8ys7-d773.json,https://opendata.rdw.nl/resource/vezc-m2t6.json,https://opendata.rdw.nl/resource/jhie-znh9.json,https://opendata.rdw.nl/resource/kmfi-hrps.json,1,Benzine,4.60,108,,70,83,4,70/220*2003/76B,,,,50.00,,4500,,,,,,,,,,,,,,EURO 4,,,,,,,,,,,,,,,,,,,,,,,,,,,,,,,,,,,,,,,,,,,,,,,,,,,,,,,,,,,,,,,,,,,,,,,,,,,,,ok
00GRS6,Personenauto,TOYOTA,TOYOTA AYGO,20270902,20140710,182,hatchback,4,ROOD,Niet geregistreerd,3,998,775,1180,875,,,20080825,20080825,Geen verstrekking in Open Data,8690,Ja,,,,,,,2,4,,,,341,,M1,,,r. op bodemplaat by voorzitting,1180,AB1,,e11*2001/116*0236*05,KGB10(G),KGB10L-AGMRKW(1F),0,0.06,234,Nee,Nee,,Nee,,,,2026,Logisch,00,Ja,2027-09-02T00:00:00.000,2014-07-10T00:00:00.000,2008-08-25T00:00:00.000,2008-08-25T00:00:00.000,,,,,,,,,,,,,,,,,,,,,A,,,,,,,,,https://opendata.rdw.nl/resource/3huj-srit.json,https://opendata.rdw.nl/resource/8ys7-d773.json,https://opendata.rdw.nl/resource/vezc-m2t6.json,https://opendata.rdw.nl/resource/jhie-znh9.json,https://opendata.rdw.nl/resource/kmfi-hrps.json,1,Benzine,4.60,108,,70,83,4,70/220*2003/76B,,,,50.00,,4500,,,,,,,,,,,,,,EURO 4,,,,,,,,,,,,,,,,,,,,,,,,,,,,,,,,,,,,,,,,,,,,,,,,,,,,,,,,,,,,,,,,,,,,,,,,,,,,,ok
00GRX3,Personenauto,TOYOTA,TOYOTA AYGO,20261221,20241104,628,hatchback,4,ZWART,Niet geregistreerd,3,998,780,1190,880,,,20080830,20080830,Geen verstrekking in Open Data,10391,Ja,,,,,,,4,4,,,,341,,M1,,,r. op bodemplaat by voorzitting,1190,AB1,,e11*2001/116*0236*05,KGB10(H),KGB10L-AHMRKW(1F),0,0.06,234,Nee,Ja,,Nee,,,,2025,Logisch,00,Ja,2026-12-21T00:00:00.000,2024-11-04T00:00:00.000,2008-08-30T00:00:00.000,2008-08-30T00:00:00.000,,,,,,,,,,,,,,,,,,,,,A,,,,,,,,,https://opendata.rdw.nl/resource/3huj-srit.json,https://opendata.rdw.nl/resource/8ys7-d773.json,https://opendata.rdw.nl/resource/vezc-m2t6.json,https://opendata.rdw.nl/resource/jhie-znh9.json,https://opendata.rdw.nl/resource/kmfi-hrps.json,1,Benzine,4.60,108,,70,83,4,70/220*2003/76B,,,,50.00,,4500,,,,,,,,,,,,,,EURO 4,,,,,,,,,,,,,,,,,,,,,,,,,,,,,,,,,,,,,,,,,,,,,,,,,,,,,,,,,,,,,,,,,,,,,,,,,,,,,ok
00GSB5,Personenauto,TOYOTA,TOYOTA AVENSIS,20270224,20111223,6557,stationwagen,5,GRIJS,Niet geregistreerd,4,1794,1290,1820,1390,500,1300,20080915,20080915,Geen verstrekking in Open Data,29060,Ja,,,,,,,4,4,,,,,,M1,,,midden tegen schutbord onder motorkap,1820,,,e11*2001/116*0196*08,ZZT251(W),ZZT251L-AWMEKW(1J),0,0.07,270,Nee,Nee,,Nee,3120,,,2026,Logisch,00,Ja,2027-02-24T00:00:00.000,2011-12-23T00:00:00.000,2008-09-15T00:00:00.000,2008-09-15T00:00:00.000,,,,,,,,,,,,,,,,,,,,,C,,,,,,,,,https://opendata.rdw.nl/resource/3huj-srit.json,https://opendata.rdw.nl/resource/8ys7-d773.json,https://opendata.rdw.nl/resource/vezc-m2t6.json,https://opendata.rdw.nl/resource/jhie-znh9.json,https://opendata.rdw.nl/resource/kmfi-hrps.json,1,Benzine,7.20,172,,,84,4,70/220*2002/80B,,,,95.00,,4500,,,,,,,,,,,,,,EURO 4,,,,,,,,,,,,,,,,,,,,,,,,,,,,,,,,,,,,,,,,,,,,,,,,,,,,,,,,,,,,,,,,,,,,,,,,,,,,,ok
00GSG3,Personenauto,TOYOTA,TOYOTA AYGO,20261003,20080829,1124,hatchback,4,GRIJS,Niet geregistreerd,3,998,805,1190,905,,,20080829,20080829,Geen verstrekking in Open Data,12281,Ja,,,,,,,4,4,,,,341,,M1,,,r. op bodemplaat by voorzitting,1190,AB1,,e11*2001/116*0236*05,KGB10(H),KGB10L-AHMGKW(1F),0,0.06,234,Nee,Nee,,Nee,,,,2025,Logisch,00,Ja,2026-10-03T00:00:00.000,2008-08-29T00:00:00.000,2008-08-29T00:00:00.000,2008-08-29T00:00:00.000,,,,,,,,,,,,,,,,,,,,,A,,,,,,,,,https://opendata.rdw.nl/resource/3huj-srit.json,https://opendata.rdw.nl/resource/8ys7-d773.json,https://opendata.rdw.nl/resource/vezc-m2t6.json,https://opendata.rdw.nl/resource/jhie-znh9.json,https://opendata.rdw.nl/resource/kmfi-hrps.json,1,Benzine,4.60,108,,70,83,4,70/220*2003/76B,,,,50.00,,4500,,,,,,,,,,,,,,EURO 4,,,,,,,,,,,,,,,,,,,,,,,,,,,,,,,,,,,,,,,,,,,,,,,,,,,,,,,,,,,,,,,,,,,,,,,,,,,,,ok
00GSL7,Personenauto,TOYOTA,TOYOTA YARIS,20270904,20260902,3020,MPV,5,BLAUW,Niet geregistreerd,4,1298,985,1480,1085,542,900,20080904,20080904,Geen verstrekking in Open Data,15574,Ja,,,,,,,4,4,,,,,,M1,,,r. op bodemplaat by voorzitting,1480,XP9F(A),,e11*2001/116*0249*02,SCP90(H),SCP90L-CHMRKW(1C),0,0.06,246,Nee,Nee,,Nee,2380,,,2026,Logisch,00,Ja,2027-09-04T00:00:00.000,2026-09-02T00:00:00.000,2008-09-04T00:00:00.000,2008-09-04T00:00:00.000,,,,,,,,,,,,,,,,,,,,,C,,,,,,,,,https://opendata.rdw.nl/resource/3huj-srit.json,https://opendata.rdw.nl/resource/8ys7-d773.json,https://opendata.rdw.nl/resource/vezc-m2t6.json,https://opendata.rdw.nl/resource/jhie-znh9.json,https://opendata.rdw.nl/resource/kmfi-hrps.json,1,Benzine,6.00,141,,,82,4,70/220*2003/76B,,,,64.00,,4500,,,,,,,,,,,,,,EURO 4,,,,,,,,,,,,,,,,,,,,,,,,,,,,,,,,,,,,,,,,,,,,,,,,,,,,,,,,,,,,,,,,,,,,,,,,,,,,,ok
00GSR4,Personenauto,TOYOTA,TOYOTA AYGO,20270401,20250410,932,hatchback,4,GRIJS,Niet geregistreerd,3,998,805,1190,905,,,20080829,20080829,Geen verstrekking in Open Data,11550,Ja,,,,,,,4,4,,,,341,,M1,,,r. op bodemplaat by voorzitting,1190,AB1,,e11*2001/116*0236*05,KGB10(H),KGB10L-AHMGKW(1F),0,0.06,234,Nee,Nee,,Nee,,,,2026,Logisch,00,Ja,2027-04-01T00:00:00.000,2025-04-10T00:00:00.000,2008-08-29T00:00:00.000,2008-08-29T00:00:00.000,,,,,,,,,,,,,,,,,,,,,A,,,,,,,,,https://opendata.rdw.nl/resource/3huj-srit.json,https://opendata.rdw.nl/resource/8ys7-d773.json,https://opendata.rdw.nl/resource/vezc-m2t6.json,https://opendata.rdw.nl/resource/jhie-znh9.json,https://opendata.rdw.nl/resource/kmfi-hrps.json,1,Benzine,4.60,108,,70,83,4,70/220*2003/76B,,,,50.00,,4500,,,,,,,,,,,,,,EURO 4,,,,,,,,,,,,,,,,,,,,,,,,,,,,,,,,,,,,,,,,,,,,,,,,,,,,,,,,,,,,,,,,,,,,,,,,,,,,,ok
00GSR5,Personenauto,TOYOTA,TOYOTA AYGO,20270112,20230325,678,hatchback,4,GRIJS,Niet geregistreerd,3,998,805,1190,905,,,20080904,20080904,Geen verstrekking in Open Data,10580,Ja,,,,,,,4,4,,,,341,,M1,,,r. op bodemplaat by voorzitting,1190,AB1,,e11*2001/116*0236*05,KGB10(H),KGB10L-AHMGKW(1F),0,0.06,234,Nee,Nee,,Nee,,,,2026,Geen oordeel,07,Ja,2027-01-12T00:00:00.000,2023-03-25T00:00:00.000,2008-09-04T00:00:00.000,2008-09-04T00:00:00.000,,,,,,,,,,,,,,,,,,,,,A,,,,,,,,,https://opendata.rdw.nl/resource/3huj-srit.json,https://opendata.rdw.nl/resource/8ys7-d773.json,https://opendata.rdw.nl/resource/vezc-m2t6.json,https://opendata.rdw.nl/resource/jhie-znh9.json,https://opendata.rdw.nl/resource/kmfi-hrps.json,1,Benzine,4.60,108,,70,83,4,70/220*2003/76B,,,,50.00,,4500,,,,,,,,,,,,,,EURO 4,,,,,,,,,,,,,,,,,,,,,,,,,,,,,,,,,,,,,,,,,,,,,,,,,,,,,,,,,,,,,,,,,,,,,,,,,,,,,ok
00GTH6,Personenauto,TOYOTA,TOYOTA PRIUS,20270324,20200711,2276,hatchback,5,ZWART,Niet geregistreerd,4,1497,1275,1725,1375,,,20080905,20080905,Geen verstrekking in Open Data,30740,Ja,,,,,,,4,4,,,,445,,M1,,,r. tegen schutbord onder motorkap,1725,,,e11*2001/116*0200*04,NHW20(E),NHW20L-AHEEBW(1E),0,0.00,270,Nee,Nee,,Nee,,,,2026,Logisch,00,Ja,2027-03-24T00:00:00.000,2020-07-11T00:00:00.000,2008-09-05T00:00:00.000,2008-09-05T00:00:00.000,,,,,,,,,,,,,,,,,,,,,A,,,,,,,,,https://opendata.rdw.nl/resource/3huj-srit.json,https://opendata.rdw.nl/resource/8ys7-d773.json,https://opendata.rdw.nl/resource/vezc-m2t6.json,https://opendata.rdw.nl/resource/jhie-znh9.json,https://opendata.rdw.nl/resource/kmfi-hrps.json,1,Benzine,4.30,104,,69,66,4,70/220*2003/76B,,,,57.00,,2500,,,,,,,,,,,,NOVC-HEV,,EURO 4,,,,,,,2,Elektriciteit,,,,,,Z,70/220*2003/76B,,,,,,,,,,,,,,,,,,NOVC-HEV,,EURO 4,,,,,,,,,,,,,,,,,,,,,,,,,,,,,,,,,,,,,,,,,,ok
00GTK9,Personenauto,TOYOTA,TOYOTA AYGO,20250304,,426,hatchback,4,GRIJS,Niet geregistreerd,3,998,780,1190,880,,,20080906,20080906,Geen verstrekking in Open Data,9620,Nee,,,,,,,4,4,,,,341,,M1,,,r. op bodemplaat by voorzitting,1190,AB1,,e11*2001/116*0236*05,KGB10(H),KGB10L-AHMRKW(1F),0,0.06,234,Ja,Nee,,Nee,,,,2025,Logisch,00,Nee,2025-03-04T00:00:00.000,,2008-09-06T00:00:00.000,2008-09-06T00:00:00.000,,,,,,,,,,,,,,,,,,,,,A,,,,,,,,,https://opendata.rdw.nl/resource/3huj-srit.json,https://opendata.rdw.nl/resource/8ys7-d773.json,https://opendata.rdw.nl/resource/vezc-m2t6.json,https://opendata.rdw.nl/resource/jhie-znh9.json,https://opendata.rdw.nl/resource/kmfi-hrps.json,1,Benzine,4.60,108,,70,83,4,70/220*2003/76B,,,,50.00,,4500,,,,,,,,,,,,,,EURO 4,,,,,,,,,,,,,,,,,,,,,,,,,,,,,,,,,,,,,,,,,,,,,,,,,,,,,,,,,,,,,,,,,,,,,,,,,,,,,ok
00GTL1,Personenauto,TOYOTA,TOYOTA PRIUS,20270128,20190419,2453,hatchback,5,ROOD,Niet geregistreerd,4,1497,1275,1725,1375,,,20080909,20080909,Geen verstrekking in Open Data,31415,Ja,,,,,,,4,4,,,,445,,M1,,,r. tegen schutbord onder motorkap,1725,HW2,,e11*2001/116*0200*05,NHW20(E),NHW20L-AHEEBW(1F),0,0.00,270,Nee,Nee,,Nee,,,,2026,Logisch,00,Ja,2027-01-28T00:00:00.000,2019-04-19T00:00:00.000,2008-09-09T00:00:00.000,2008-09-09T00:00:00.000,,,,,,,,,,,,,,,,,,,,,A,,,,,,,,,https://opendata.rdw.nl/resource/3huj-srit.json,https://opendata.rdw.nl/resource/8ys7-d773.json,https://opendata.rdw.nl/resource/vezc-m2t6.json,https://opendata.rdw.nl/resource/jhie-znh9.json,https://opendata.rdw.nl/resource/kmfi-hrps.json,1,Benzine,4.30,104,,69,66,4,70/220*2003/76B,,,,57.00,,2500,,,,,,,,,,,,NOVC-HEV,,EURO 4,,,,,,,2,Elektriciteit,,,,,,Z,70/220*2003/76B,,,,,,,,,,,,,,,,,,NOVC-HEV,,EURO 4,,,,,,,,,,,,,,,,,,,,,,,,,,,,,,,,,,,,,,,,,,ok
00GTV7,Personenauto,TOYOTA,TOYOTA PRIUS,20270128,20210130,2453,hatchback,5,GRIJS,Niet geregistreerd,4,1497,1275,1725,1375,,,20080929,20080929,Geen verstrekking in Open Data,31415,Ja,,,,,,,4,4,,,,445,,M1,,,r. tegen schutbord onder motorkap,1725,HW2,,e11*2001/116*0200*05,NHW20(E),NHW20L-AHEEBW(1F),0,0.00,270,Nee,Nee,,Nee,,,,2026,Logisch,00,Ja,2027-01-28T00:00:00.000,2021-01-30T00:00:00.000,2008-09-29T00:00:00.000,2008-09-29T00:00:00.000,,,,,,,,,,,,,,,,,,,,,A,,,,,,,,,https://opendata.rdw.nl/resource/3huj-srit.json,https://opendata.rdw.nl/resource/8ys7-d773.json,https://opendata.rdw.nl/resource/vezc-m2t6.json,https://opendata.rdw.nl/resource/jhie-znh9.json,https://opendata.rdw.nl/resource/kmfi-hrps.json,1,Benzine,4.30,104,,69,66,4,70/220*2003/76B,,,,57.00,,2500,,,,,,,,,,,,NOVC-HEV,,EURO 4,,,,,,,2,Elektriciteit,,,,,,Z,70/220*2003/76B,,,,,,,,,,,,,,,,,,NOVC-HEV,,EURO 4,,,,,,,,,,,,,,,,,,,,,,,,,,,,,,,,,,,,,,,,,,ok
00GTV8,Personenauto,TOYOTA,TOYOTA AURIS,20261007,20240322,5276,hatchback,5,GRIJS,Niet geregistreerd,4,1598,1240,1750,1340,450,1200,20080911,20080911,Geen verstrekking in Open Data,24176,Ja,,,,,,,4,4,,,,422,,M1,,,op bodemplaat by r. voorzitting,1750,,,e11*2001/116*0305*00,ZRE151(H),ZRE151L-DHGNKW(1A),0,0.07,260,Nee,Nee,,Nee,2950,,,2026,Logisch,00,Ja,2026-10-07T00:00:00.000,2024-03-22T00:00:00.000,2008-09-11T00:00:00.000,2008-09-11T00:00:00.000,,,,,,,,,,,,,,,,,,,,,C,,,,,,,,,https://opendata.rdw.nl/resource/3huj-srit.json,https://opendata.rdw.nl/resource/8ys7-d773.json,https://opendata.rdw.nl/resource/vezc-m2t6.json,https://opendata.rdw.nl/resource/jhie-znh9.json,https://opendata.rdw.nl/resource/kmfi-hrps.json,1,Benzine,6.90,161,,70,79,4,70/220*2003/76B,,,,91.00,,4500,,,,,,,,,,,,,,EURO 4,,,,,,,,,,,,,,,,,,,,,,,,,,,,,,,,,,,,,,,,,,,,,,,,,,,,,,,,,,,,,,,,,,,,,,,,,,,,,ok
00GVB2,Personenauto,TOYOTA,TOYOTA AYGO,20261116,20200304,985,hatchback,4,GRIJS,Niet geregistreerd,3,998,805,1190,905,,,20080926,20080926,Geen verstrekking in Open Data,11751,Ja,,,,,,,4,4,,,,341,,M1,,,r. op bodemplaat by voorzitting,1190,AB1,,e11*2001/116*0236*05,KGB10(H),KGB10L-AHMGKW(1F),0,0.06,234,Nee,Nee,,Nee,,,,2025,Logisch,00,Ja,2026-11-16T00:00:00.000,2020-03-04T00:00:00.000,2008-09-26T00:00:00.000,2008-09-26T00:00:00.000,,,,,,,,,,,,,,,,,,,,,A,,,,,,,,,https://opendata.rdw.nl/resource/3huj-srit.json,https://opendata.rdw.nl/resource/8ys7-d773.json,https://opendata.rdw.nl/resource/vezc-m2t6.json,https://opendata.rdw.nl/resource/jhie-znh9.json,https://opendata.rdw.nl/resource/kmfi-hrps.json,1,Benzine,4.60,108,,70,83,4,70/220*2003/76B,,,,50.00,,4500,,,,,,,,,,,,,,EURO 4,,,,,,,,,,,,,,,,,,,,,,,,,,,,,,,,,,,,,,,,,,,,,,,,,,,,,,,,,,,,,,,,,,,,,,,,,,,,,ok
00GVG2,Personenauto,TOYOTA,TOYOTA YARIS,20270915,20240215,3020,MPV,5,GRIJS,Niet geregistreerd,4,1298,985,1480,1085,542,900,20080915,20080915,Geen verstrekking in Open Data,15574,Ja,,,,,,,4,4,,,,,,M1,,,r. op bodemplaat by voorzitting,1480,XP9F(A),,e11*2001/116*0249*02,SCP90(H),SCP90L-CHMRKW(1C),0,0.06,246,Nee,Nee,,Nee,2380,,,2026,Logisch,00,Ja,2027-09-15T00:00:00.000,2024-02-15T00:00:00.000,2008-09-15T00:00:00.000,2008-09-15T00:00:00.000,,,,,,,,,,,,,,,,,,,,,C,,,,,,,,,https://opendata.rdw.nl/resource/3huj-srit.json,https://opendata.rdw.nl/resource/8ys7-d773.json,https://opendata.rdw.nl/resource/vezc-m2t6.json,https://opendata.rdw.nl/resource/jhie-znh9.json,https://opendata.rdw.nl/resource/kmfi-hrps.json,1,Benzine,6.00,141,,,82,4,70/220*2003/76B,,,,64.00,,4500,,,,,,,,,,,,,,EURO 4,,,,,,,,,,,,,,,,,,,,,,,,,,,,,,,,,,,,,,,,,,,,,,,,,,,,,,,,,,,,,,,,,,,,,,,,,,,,,ok
00GVG3,Personenauto,TOYOTA,TOYOTA COROLLA,20270819,20260206,4700,sedan,5,GRIJS,Niet geregistreerd,4,1598,1230,1760,1330,450,1300,20080916,20080916,Geen verstrekking in Open Data,23949,Ja,,,,,,,4,4,,,,454,,M1,,,by r. voorzitting op bodemplaat,1760,,,e11*2001/116*0314*00,ZRE151(E),ZRE151L-DEMNKW(1A),0,0.07,260,Nee,Nee,,Nee,3060,,,2026,Logisch,00,Ja,2027-08-19T00:00:00.000,2026-02-06T00:00:00.000,2008-09-16T00:00:00.000,2008-09-16T00:00:00.000,,,,,,,,,,,,,,,,,,,,,B,,,,,,,,,https://opendata.rdw.nl/resource/3huj-srit.json,https://opendata.rdw.nl/resource/8ys7-d773.json,https://opendata.rdw.nl/resource/vezc-m2t6.json,https://opendata.rdw.nl/resource/jhie-znh9.json,https://opendata.rdw.nl/resource/kmfi-hrps.json,1,Benzine,6.90,162,,71,84,4,70/220*2003/76B,,,,91.00,,4500,,,,,,,,,,,,,,EURO 4,,,,,,,,,,,,,,,,,,,,,,,,,,,,,,,,,,,,,,,,,,,,,,,,,,,,,,,,,,,,,,,,,,,,,,,,,,,,,ok
00GVL1,Personenauto,TOYOTA,TOYOTA YARIS,20270122,20190123,3584,MPV,5,GRIJS,Niet geregistreerd,4,1298,1000,1480,1100,550,750,20080924,20080924,Geen verstrekking in Open Data,17725,Ja,,,,,,,4,4,,,,,,M1,,,r. op bodemplaat by voorzitting,1480,XP9F(A),,e11*2001/116*0249*02,SCP90(H),SCP90L-CHGGKW(1C),0,0.06,246,Nee,Nee,,Nee,2230,,,2026,Logisch,00,Ja,2027-01-22T00:00:00.000,2019-01-23T00:00:00.000,2008-09-24T00:00:00.000,2008-09-24T00:00:00.000,,,,,,,,,,,,,,,,,,,,,C,,,,,,,,,https://opendata.rdw.nl/resource/3huj-srit.json,https://opendata.rdw.nl/resource/8ys7-d773.json,https://opendata.rdw.nl/resource/vezc-m2t6.json,https://opendata.rdw.nl/resource/jhie-znh9.json,https://opendata.rdw.nl/resource/kmfi-hrps.json,1,Benzine,5.80,136,,,82,4,70/220*2003/76B,,,,64.00,,4500,,,,,,,,,,,,,,EURO 4,,,,,,,,,,,,,,,,,,,,,,,,,,,,,,,,,,,,,,,,,,,,,,,,,,,,,,,,,,,,,,,,,,,,,,,,,,,,,ok
00GVP3,Personenauto,TOYOTA,TOYOTA YARIS,20261009,20081009,3191,MPV,5,ZWART,Niet geregistreerd,4,1298,995,1480,1095,547,900,20081009,20081009,Geen verstrekking in Open Data,16225,Ja,,,,,,,2,4,,,,,,M1,,,r. op bodemplaat by voorzitting,1480,XP9F(A),,e11*2001/116*0249*01,SCP90(G),SCP90L-CGMGKW(1B),1,0.06,246,Nee,Nee,,Nee,2380,,,2025,Logisch,00,Ja,2026-10-09T00:00:00.000,2008-10-09T00:00:00.000,2008-10-09T00:00:00.000,2008-10-09T00:00:00.000,,,,,,,,,,,,,,,,,,,,,C,,,,,,,,,https://opendata.rdw.nl/resource/3huj-srit.json,https://opendata.rdw.nl/resource/8ys7-d773.json,https://opendata.rdw.nl/resource/vezc-m2t6.json,https://opendata.rdw.nl/resource/jhie-znh9.json,https://opendata.rdw.nl/resource/kmfi-hrps.json,1,Benzine,6.00,141,,68,82,4,70/220*2003/76B,,,,64.00,,4500,,,,,,,,,,,,,,EURO 4,,,,,,,,,,,,,,,,,,,,,,,,,,,,,,,,,,,,,,,,,,,,,,,,,,,,,,,,,,,,,,,,,,,,,,,,,,,,,ok
00GVS8,Personenauto,TOYOTA,TOYOTA AYGO,20270727,20250615,985,hatchback,4,BLAUW,Niet geregistreerd,3,998,805,1190,905,,,20081020,20081020,Geen verstrekking in Open Data,11751,Ja,,,,,,,4,4,,,,341,,M1,,,r. op bodemplaat by voorzitting,1190,AB1,,e11*2001/116*0236*05,KGB10(H),KGB10L-AHMGKW(1F),0,0.06,234,Nee,Nee,,Nee,,,,2026,Logisch,00,Ja,2027-07-27T00:00:00.000,2025-06-15T00:00:00.000,2008-10-20T00:00:00.000,2008-10-20T00:00:00.000,,,,,,,,,,,,,,,,,,,,,A,,,,,,,,,https://opendata.rdw.nl/resource/3huj-srit.json,https://opendata.rdw.nl/resource/8ys7-d773.json,https://opendata.rdw.nl/resource/vezc-m2t6.json,https://opendata.rdw.nl/resource/jhie-znh9.json,https://opendata.rdw.nl/resource/kmfi-hrps.json,1,Benzine,4.60,108,,70,83,4,70/220*2003/76B,,,,50.00,,4500,,,,,,,,,,,,,,EURO 4,,,,,,,,,,,,,,,,,,,,,,,,,,,,,,,,,,,,,,,,,,,,,,,,,,,,,,,,,,,,,,,,,,,,,,,,,,,,,ok
00GVX1,Personenauto,TOYOTA,TOYOTA COROLLA VERSO,20270518,20200911,6407,stationwagen,5,GRIJS,Niet geregistreerd,4,1794,1335,2035,1435,450,1300,20080929,20080929,Geen verstrekking in Open Data,27364,Ja,,,,,,,4,4,,,,,,M1,,,midden tegen schutbord onder motorkap,2035,R1,,e11*2001/116*0222*06,ZNR20(W),ZNR11L-GWMEKW(1G),0,0.07,275,Nee,Nee,,Nee,3335,,,2026,Logisch,00,Ja,2027-05-18T00:00:00.000,2020-09-11T00:00:00.000,2008-09-29T00:00:00.000,2008-09-29T00:00:00.000,,,,,,,,,,,,,,,,,,,,,D,,,,,,,,,https://opendata.rdw.nl/resource/3huj-srit.json,https://opendata.rdw.nl/resource/8ys7-d773.json,https://opendata.rdw.nl/resource/vezc-m2t6.json,https://opendata.rdw.nl/resource/jhie-znh9.json,https://opendata.rdw.nl/resource/kmfi-hrps.json,1,Benzine,7.70,184,,,83,4,70/220*2003/76B,,,,95.00,,4500,,,,,,,,,,,,,,EURO 4,,,,,,,,,,,,,,,,,,,,,,,,,,,,,,,,,,,,,,,,,,,,,,,,,,,,,,,,,,,,,,,,,,,,,,,,,,,,,ok
00GXB3,Personenauto,TOYOTA,TOYOTA AURIS,20270120,20170118,4246,hatchback,5,GRIJS,Niet geregistreerd,4,1398,1195,1720,1295,450,1000,20080923,20080923,Geen verstrekking in Open Data,20250,Ja,,,,,,,4,4,,,,422,,M1,,,op bodemplaat by r. voorzitting,1720,E15UT(A),,e11*2001/116*0305*02,ZZE150(H),ZZE150L-DHMDKW(1C),0,0.05,260,Nee,Nee,,Nee,2720,,,2026,Logisch,00,Ja,2027-01-20T00:00:00.000,2017-01-18T00:00:00.000,2008-09-23T00:00:00.000,2008-09-23T00:00:00.000,,,,,,,,,,,,,,,,,,,,,C,,,,,,,,,https://opendata.rdw.nl/resource/3huj-srit.json,https://opendata.rdw.nl/resource/8ys7-d773.json,https://opendata.rdw.nl/resource/vezc-m2t6.json,https://opendata.rdw.nl/resource/jhie-znh9.json,https://opendata.rdw.nl/resource/kmfi-hrps.json,1,Benzine,6.90,163,,69,81,4,70/220*2003/76B,,,,71.00,,4500,,,,,,,,,,,,,,EURO 4,,,,,,,,,,,,,,,,,,,,,,,,,,,,,,,,,,,,,,,,,,,,,,,,,,,,,,,,,,,,,,,,,,,,,,,,,,,,,ok
00GXB4,Personenauto,TOYOTA,TOYOTA COROLLA VERSO,20260522,,9207,stationwagen,7,ZWART,Niet geregistreerd,4,2231,1510,2165,1610,450,1300,20080925,20080925,Geen verstrekking in Open Data,32839,Nee,,,,,,,4,4,,,,,,M1,,,midden tegen schutbord onder motorkap,2165,R1,,e11*2001/116*0222*06,AUR10(RH),AUR10L-GRFEXW(1G),0,0.08,275,Ja,Nee,,Nee,3465,,,2025,Niet geregistreerd,NG,Nee,2026-05-22T00:00:00.000,,2008-09-25T00:00:00.000,2008-09-25T00:00:00.000,,,,,,,,,,,,,,,,,,,,,E,,,,,,,,,https://opendata.rdw.nl/resource/3huj-srit.json,https://opendata.rdw.nl/resource/8ys7-d773.json,https://opendata.rdw.nl/resource/vezc-m2t6.json,https://opendata.rdw.nl/resource/jhie-znh9.json,https://opendata.rdw.nl/resource/kmfi-hrps.json,1,Diesel,6.80,178,,,76,4,,,0.00300,,130.00,,2700,,,,,,,,,,,,,,,,,,,,,,,,,,,,,,,,,,,,,,,,,,,,,,,,,,,,,,,,,,,,,,,,,,,,,,,,,,,,,,,,,,,,,,,,,,,ok
